antecedents,consequents,antecedent support,consequent support,support,confidence,lift,representativity,leverage,conviction,zhangs_metric,jaccard,certainty,kulczynski
"frozenset({'Pair_Maturated Cheese', 'Pair_Game Meat', 'Pair_Lamb', 'Pair_Hard Cheese'})","frozenset({'Body_Very full-bodied', 'Acid_Medium'})",0.03277060575968222,0.038728897715988087,0.020854021847070508,0.6363636363636365,16.431235431235432,1.0,0.019584852408512807,2.6434955312810335,0.9709592255793489,0.4117647058823531,0.6217129977460557,0.5874125874125875
"frozenset({'Pair_Lamb', 'Pair_Beef', 'Pair_Game Meat', 'Pair_Maturated Cheese', 'Pair_Hard Cheese'})","frozenset({'Body_Very full-bodied', 'Acid_Medium'})",0.03277060575968222,0.038728897715988087,0.020854021847070508,0.6363636363636365,16.431235431235432,1.0,0.019584852408512807,2.6434955312810335,0.9709592255793489,0.4117647058823531,0.6217129977460557,0.5874125874125875
"frozenset({'Pair_Game Meat', 'Pair_Lamb', 'Pair_Hard Cheese'})","frozenset({'Body_Very full-bodied', 'Acid_Medium'})",0.033763654419066536,0.038728897715988087,0.020854021847070508,0.6176470588235294,15.947963800904978,1.0,0.01954639272855651,2.514093652127416,0.9700484510350902,0.40384615384615385,0.6022423432182791,0.5780542986425339
"frozenset({'Pair_Beef', 'Pair_Game Meat', 'Pair_Lamb', 'Pair_Hard Cheese'})","frozenset({'Body_Very full-bodied', 'Acid_Medium'})",0.033763654419066536,0.038728897715988087,0.020854021847070508,0.6176470588235294,15.947963800904978,1.0,0.01954639272855651,2.514093652127416,0.9700484510350902,0.40384615384615385,0.6022423432182791,0.5780542986425339
"frozenset({'Pair_Beef', 'Pair_Game Meat', 'Pair_Maturated Cheese', 'Pair_Hard Cheese'})","frozenset({'Body_Very full-bodied', 'Acid_Medium'})",0.033763654419066536,0.038728897715988087,0.020854021847070508,0.6176470588235294,15.947963800904978,1.0,0.01954639272855651,2.514093652127416,0.9700484510350902,0.40384615384615385,0.6022423432182791,0.5780542986425339
"frozenset({'Pair_Beef', 'Pair_Game Meat', 'Pair_Hard Cheese'})","frozenset({'Body_Very full-bodied', 'Acid_Medium'})",0.03475670307845084,0.038728897715988087,0.020854021847070508,0.6000000000000001,15.492307692307694,1.0,0.019507933048600216,2.4031777557100304,0.9691358024691357,0.39622641509433965,0.5838842975206613,0.5692307692307692
"frozenset({'Pair_Game Meat', 'Pair_Maturated Cheese', 'Pair_Hard Cheese'})","frozenset({'Body_Very full-bodied', 'Acid_Medium'})",0.03475670307845084,0.038728897715988087,0.020854021847070508,0.6000000000000001,15.492307692307694,1.0,0.019507933048600216,2.4031777557100304,0.9691358024691357,0.39622641509433965,0.5838842975206613,0.5692307692307692
"frozenset({'Pair_Cured Meat', 'Pair_Shellfish', 'Pair_Poultry'})","frozenset({'Acid_High', 'Body_Light-bodied'})",0.03773584905660377,0.0903674280039722,0.03475670307845084,0.9210526315789473,10.192307692307692,1.0,0.03134661145565944,11.522012578616348,0.9372549019607843,0.3723404255319148,0.9132096069868996,0.652834008097166
"frozenset({'Pair_Pork', 'Pair_Cured Meat', 'Pair_Shellfish', 'Pair_Poultry'})","frozenset({'Acid_High', 'Body_Light-bodied'})",0.03773584905660377,0.0903674280039722,0.03475670307845084,0.9210526315789473,10.192307692307692,1.0,0.03134661145565944,11.522012578616348,0.9372549019607843,0.3723404255319148,0.9132096069868996,0.652834008097166
"frozenset({'Pair_Cured Meat', 'Pair_Spicy Food', 'Pair_Poultry'})","frozenset({'Acid_High', 'Body_Light-bodied'})",0.033763654419066536,0.0903674280039722,0.030784508440913606,0.9117647058823529,10.089528118939883,1.0,0.027733373831047615,10.309169149288312,0.9323674700792361,0.3297872340425532,0.9029989725147701,0.6262120232708468
"frozenset({'Pair_Cured Meat', 'Pair_Spicy Food', 'Pair_Shellfish'})","frozenset({'Acid_High', 'Body_Light-bodied'})",0.033763654419066536,0.0903674280039722,0.030784508440913606,0.9117647058823529,10.089528118939883,1.0,0.027733373831047615,10.309169149288312,0.9323674700792361,0.3297872340425532,0.9029989725147701,0.6262120232708468
"frozenset({'Pair_Pork', 'Pair_Cured Meat', 'Pair_Spicy Food', 'Pair_Poultry'})","frozenset({'Acid_High', 'Body_Light-bodied'})",0.033763654419066536,0.0903674280039722,0.030784508440913606,0.9117647058823529,10.089528118939883,1.0,0.027733373831047615,10.309169149288312,0.9323674700792361,0.3297872340425532,0.9029989725147701,0.6262120232708468
"frozenset({'Pair_Pork', 'Pair_Cured Meat', 'Pair_Spicy Food', 'Pair_Shellfish'})","frozenset({'Acid_High', 'Body_Light-bodied'})",0.033763654419066536,0.0903674280039722,0.030784508440913606,0.9117647058823529,10.089528118939883,1.0,0.027733373831047615,10.309169149288312,0.9323674700792361,0.3297872340425532,0.9029989725147701,0.6262120232708468
"frozenset({'Pair_Cured Meat', 'Pair_Spicy Food', 'Pair_Shellfish', 'Pair_Poultry'})","frozenset({'Acid_High', 'Body_Light-bodied'})",0.033763654419066536,0.0903674280039722,0.030784508440913606,0.9117647058823529,10.089528118939883,1.0,0.027733373831047615,10.309169149288312,0.9323674700792361,0.3297872340425532,0.9029989725147701,0.6262120232708468
"frozenset({'Pair_Pork', 'Pair_Spicy Food', 'Pair_Shellfish', 'Pair_Poultry', 'Pair_Cured Meat'})","frozenset({'Acid_High', 'Body_Light-bodied'})",0.033763654419066536,0.0903674280039722,0.030784508440913606,0.9117647058823529,10.089528118939883,1.0,0.027733373831047615,10.309169149288312,0.9323674700792361,0.3297872340425532,0.9029989725147701,0.6262120232708468
"frozenset({'Pair_Pork', 'Pair_Cured Meat', 'Pair_Shellfish'})","frozenset({'Acid_High', 'Body_Light-bodied'})",0.038728897715988087,0.0903674280039722,0.03475670307845084,0.8974358974358974,9.930966469428007,1.0,0.031256872202428086,8.868917576961264,0.9355371900826447,0.368421052631579,0.8872466689060574,0.641025641025641
"frozenset({'Pair_Cured Meat', 'Pair_Spicy Food'})","frozenset({'Acid_High', 'Body_Light-bodied'})",0.038728897715988087,0.0903674280039722,0.030784508440913606,0.7948717948717948,8.795998872921949,1.0,0.02728467756489085,4.434458788480634,0.922020794454812,0.31313131313131315,0.774493337812115,0.5677655677655677
"frozenset({'Pair_Pork', 'Pair_Cured Meat', 'Pair_Spicy Food'})","frozenset({'Acid_High', 'Body_Light-bodied'})",0.038728897715988087,0.0903674280039722,0.030784508440913606,0.7948717948717948,8.795998872921949,1.0,0.02728467756489085,4.434458788480634,0.922020794454812,0.31313131313131315,0.774493337812115,0.5677655677655677
"frozenset({'Pair_Pork', 'Pair_Spicy Food', 'Pair_Shellfish', 'Pair_Poultry'})","frozenset({'Acid_High', 'Body_Light-bodied'})",0.039721946375372394,0.0903674280039722,0.030784508440913606,0.775,8.5760989010989,1.0,0.0271949383116595,4.042811431093457,0.9199386196083664,0.31,0.7526473799126637,0.5578296703296703
"frozenset({'Pair_Spicy Food', 'Pair_Shellfish', 'Pair_Poultry'})","frozenset({'Acid_High', 'Body_Light-bodied'})",0.041708043694141016,0.0903674280039722,0.030784508440913606,0.7380952380952381,8.167713239141811,1.0,0.02701545980519679,3.4731425476211975,0.9157613237506268,0.303921568627451,0.7120763152422541,0.5393772893772895
"frozenset({'Pair_Pork', 'Pair_Cured Meat', 'Pair_Poultry'})","frozenset({'Acid_High', 'Body_Light-bodied'})",0.047666335650446874,0.0903674280039722,0.03475670307845084,0.7291666666666666,8.068910256410255,1.0,0.030449218923345914,3.3586433427545637,0.9199165797705944,0.3365384615384615,0.7022607350800582,0.5568910256410255
"frozenset({'Pair_Cured Meat', 'Pair_Shellfish', 'Pair_Poultry'})",frozenset({'Body_Light-bodied'}),0.03773584905660377,0.11717974180734857,0.03475670307845084,0.9210526315789473,7.860169491525423,1.0,0.030334826029116933,11.182389937106915,0.9070028011204482,0.2892561983471074,0.9105736782902137,0.6088314005352364
"frozenset({'Pair_Pork', 'Pair_Cured Meat', 'Pair_Shellfish', 'Pair_Poultry'})",frozenset({'Body_Light-bodied'}),0.03773584905660377,0.11717974180734857,0.03475670307845084,0.9210526315789473,7.860169491525423,1.0,0.030334826029116933,11.182389937106915,0.9070028011204482,0.2892561983471074,0.9105736782902137,0.6088314005352364
"frozenset({'Pair_Cured Meat', 'Pair_Spicy Food', 'Pair_Poultry'})",frozenset({'Body_Light-bodied'}),0.033763654419066536,0.11717974180734857,0.030784508440913606,0.9117647058823529,7.780907278165503,1.0,0.026828092133614846,10.005296259516713,0.9019328316148923,0.256198347107438,0.9000529345596506,0.5872382851445663
"frozenset({'Pair_Cured Meat', 'Pair_Spicy Food', 'Pair_Shellfish'})",frozenset({'Body_Light-bodied'}),0.033763654419066536,0.11717974180734857,0.030784508440913606,0.9117647058823529,7.780907278165503,1.0,0.026828092133614846,10.005296259516713,0.9019328316148923,0.256198347107438,0.9000529345596506,0.5872382851445663
"frozenset({'Pair_Pork', 'Pair_Cured Meat', 'Pair_Spicy Food', 'Pair_Poultry'})",frozenset({'Body_Light-bodied'}),0.033763654419066536,0.11717974180734857,0.030784508440913606,0.9117647058823529,7.780907278165503,1.0,0.026828092133614846,10.005296259516713,0.9019328316148923,0.256198347107438,0.9000529345596506,0.5872382851445663
"frozenset({'Pair_Pork', 'Pair_Cured Meat', 'Pair_Spicy Food', 'Pair_Shellfish'})",frozenset({'Body_Light-bodied'}),0.033763654419066536,0.11717974180734857,0.030784508440913606,0.9117647058823529,7.780907278165503,1.0,0.026828092133614846,10.005296259516713,0.9019328316148923,0.256198347107438,0.9000529345596506,0.5872382851445663
"frozenset({'Pair_Cured Meat', 'Pair_Spicy Food', 'Pair_Shellfish', 'Pair_Poultry'})",frozenset({'Body_Light-bodied'}),0.033763654419066536,0.11717974180734857,0.030784508440913606,0.9117647058823529,7.780907278165503,1.0,0.026828092133614846,10.005296259516713,0.9019328316148923,0.256198347107438,0.9000529345596506,0.5872382851445663
"frozenset({'Pair_Pork', 'Pair_Spicy Food', 'Pair_Shellfish', 'Pair_Poultry', 'Pair_Cured Meat'})",frozenset({'Body_Light-bodied'}),0.033763654419066536,0.11717974180734857,0.030784508440913606,0.9117647058823529,7.780907278165503,1.0,0.026828092133614846,10.005296259516713,0.9019328316148923,0.256198347107438,0.9000529345596506,0.5872382851445663
"frozenset({'Pair_Pork', 'Pair_Cured Meat', 'Pair_Shellfish'})",frozenset({'Body_Light-bodied'}),0.038728897715988087,0.11717974180734857,0.03475670307845084,0.8974358974358974,7.658626684050412,1.0,0.030218460843608148,8.607497517378345,0.904456906729634,0.2868852459016393,0.8838222145308758,0.5970230334637114
"frozenset({'Pair_Pork', 'Pair_Cured Meat'})","frozenset({'Acid_High', 'Body_Light-bodied'})",0.05362462760675273,0.0903674280039722,0.03475670307845084,0.6481481481481481,7.172364672364672,1.0,0.029910783403957794,2.585271520409763,0.9093389296956976,0.3181818181818182,0.6131934336082807,0.5163817663817664
"frozenset({'Pair_Pork', 'Pair_Shellfish', 'Pair_Poultry'})","frozenset({'Acid_High', 'Body_Light-bodied'})",0.05362462760675273,0.0903674280039722,0.03475670307845084,0.6481481481481481,7.172364672364672,1.0,0.029910783403957794,2.585271520409763,0.9093389296956976,0.3181818181818182,0.6131934336082807,0.5163817663817664
"frozenset({'Pair_Pork', 'Pair_Spicy Food', 'Pair_Shellfish'})","frozenset({'Acid_High', 'Body_Light-bodied'})",0.047666335650446874,0.0903674280039722,0.030784508440913606,0.6458333333333334,7.146749084249085,1.0,0.026477024285808677,2.568374320929961,0.9031248948837836,0.287037037037037,0.61064865356623,0.493246336996337
"frozenset({'Pair_Cured Meat', 'Pair_Spicy Food'})",frozenset({'Body_Light-bodied'}),0.038728897715988087,0.11717974180734857,0.030784508440913606,0.7948717948717948,6.783355063016079,1.0,0.02624626620607091,4.303748758689174,0.8869301519594774,0.246031746031746,0.7676444290617518,0.5287918296392873
"frozenset({'Pair_Pork', 'Pair_Cured Meat', 'Pair_Spicy Food'})",frozenset({'Body_Light-bodied'}),0.038728897715988087,0.11717974180734857,0.030784508440913606,0.7948717948717948,6.783355063016079,1.0,0.02624626620607091,4.303748758689174,0.8869301519594774,0.246031746031746,0.7676444290617518,0.5287918296392873
"frozenset({'Pair_Pork', 'Pair_Spicy Food', 'Pair_Poultry'})","frozenset({'Acid_High', 'Body_Light-bodied'})",0.05461767626613704,0.0903674280039722,0.03277060575968222,0.6,6.639560439560439,1.0,0.02783494683195782,2.274081429990069,0.8984593837535013,0.2920353982300884,0.5602620087336244,0.4813186813186813
"frozenset({'Pair_Pork', 'Pair_Spicy Food', 'Pair_Shellfish', 'Pair_Poultry'})",frozenset({'Body_Light-bodied'}),0.039721946375372394,0.11717974180734857,0.030784508440913606,0.775,6.613771186440678,1.0,0.026129901020562125,3.92364559196734,0.8839109984321314,0.24409448818897636,0.7451349831271091,0.5188559322033899
"frozenset({'Pair_Spicy Food', 'Pair_Shellfish', 'Pair_Poultry'})",frozenset({'Body_Light-bodied'}),0.041708043694141016,0.11717974180734857,0.030784508440913606,0.7380952380952381,6.298829701372075,1.0,0.02589717064954455,3.3707682585537606,0.877853919438409,0.24031007751937986,0.703331726391344,0.5004035512510089
"frozenset({'Pair_Pork', 'Pair_Cured Meat', 'Pair_Poultry'})",frozenset({'Body_Light-bodied'}),0.047666335650446874,0.11717974180734857,0.03475670307845084,0.7291666666666666,6.22263418079096,1.0,0.029171174174029063,3.2596440302497895,0.8813049307314166,0.26717557251908397,0.6932180352455942,0.512888418079096
"frozenset({'Pair_Pork', 'Pair_Cured Meat'})",frozenset({'Body_Light-bodied'}),0.05362462760675273,0.11717974180734857,0.03475670307845084,0.6481481481481481,5.531230382925298,1.0,0.028472983060976342,2.5090681022317463,0.865627342227552,0.2554744525547445,0.601445652626755,0.4723791588198368
"frozenset({'Pair_Pork', 'Pair_Shellfish', 'Pair_Poultry'})",frozenset({'Body_Light-bodied'}),0.05362462760675273,0.11717974180734857,0.03475670307845084,0.6481481481481481,5.531230382925298,1.0,0.028472983060976342,2.5090681022317463,0.865627342227552,0.2554744525547445,0.601445652626755,0.4723791588198368
"frozenset({'Pair_Pork', 'Pair_Spicy Food', 'Pair_Shellfish'})",frozenset({'Body_Light-bodied'}),0.047666335650446874,0.11717974180734857,0.030784508440913606,0.6458333333333334,5.511475988700565,1.0,0.025198979536491826,2.4926689643086632,0.859531097581486,0.2296296296296296,0.5988235845519311,0.45427259887005655
"frozenset({'Pair_Pork', 'Pair_Spicy Food', 'Pair_Poultry'})",frozenset({'Body_Light-bodied'}),0.05461767626613704,0.11717974180734857,0.033763654419066536,0.6181818181818182,5.275500770416024,1.0,0.027363569216083246,2.312148295266468,0.857266435986159,0.24460431654676257,0.5675017895490336,0.4531587057010786
"frozenset({'Pair_Shellfish', 'Pair_Poultry'})",frozenset({'Body_Light-bodied'}),0.06752730883813307,0.11717974180734857,0.0407149950347567,0.6029411764705882,5.1454386839481545,1.0,0.03280216242015918,2.2233991687814925,0.8639964674407127,0.2827586206896551,0.5502382055184278,0.4751994017946161
"frozenset({'Pair_Maturated Cheese', 'Pair_Game Meat', 'Pair_Lamb', 'Pair_Hard Cheese'})",frozenset({'Body_Very full-bodied'}),0.03277060575968222,0.13306852035749753,0.021847070506454815,0.6666666666666667,5.009950248756219,1.0,0.017486334486795017,2.600794438927508,0.8275154004106777,0.15172413793103448,0.6155021000381826,0.41542288557213936
"frozenset({'Pair_Lamb', 'Pair_Beef', 'Pair_Game Meat', 'Pair_Maturated Cheese', 'Pair_Hard Cheese'})",frozenset({'Body_Very full-bodied'}),0.03277060575968222,0.13306852035749753,0.021847070506454815,0.6666666666666667,5.009950248756219,1.0,0.017486334486795017,2.600794438927508,0.8275154004106777,0.15172413793103448,0.6155021000381826,0.41542288557213936
"frozenset({'Pair_Game Meat', 'Pair_Lamb', 'Pair_Hard Cheese'})",frozenset({'Body_Very full-bodied'}),0.033763654419066536,0.13306852035749753,0.021847070506454815,0.6470588235294117,4.862598770851624,1.0,0.017354190971047748,2.45630585898709,0.8221059516023543,0.1506849315068493,0.5928845765110167,0.40561896400351183
"frozenset({'Pair_Beef', 'Pair_Game Meat', 'Pair_Lamb', 'Pair_Hard Cheese'})",frozenset({'Body_Very full-bodied'}),0.033763654419066536,0.13306852035749753,0.021847070506454815,0.6470588235294117,4.862598770851624,1.0,0.017354190971047748,2.45630585898709,0.8221059516023543,0.1506849315068493,0.5928845765110167,0.40561896400351183
"frozenset({'Pair_Beef', 'Pair_Game Meat', 'Pair_Maturated Cheese', 'Pair_Hard Cheese'})",frozenset({'Body_Very full-bodied'}),0.033763654419066536,0.13306852035749753,0.021847070506454815,0.6470588235294117,4.862598770851624,1.0,0.017354190971047748,2.45630585898709,0.8221059516023543,0.1506849315068493,0.5928845765110167,0.40561896400351183
"frozenset({'Pair_Beef', 'Pair_Game Meat', 'Pair_Hard Cheese'})",frozenset({'Body_Very full-bodied'}),0.03475670307845084,0.13306852035749753,0.021847070506454815,0.6285714285714286,4.72366737739872,1.0,0.017222047455300482,2.334046291345199,0.8166853722409276,0.14965986394557823,0.571559482899689,0.39637526652452026
"frozenset({'Pair_Game Meat', 'Pair_Maturated Cheese', 'Pair_Hard Cheese'})",frozenset({'Body_Very full-bodied'}),0.03475670307845084,0.13306852035749753,0.021847070506454815,0.6285714285714286,4.72366737739872,1.0,0.017222047455300482,2.334046291345199,0.8166853722409276,0.14965986394557823,0.571559482899689,0.39637526652452026
"frozenset({'Pair_Maturated Cheese', 'Pair_Game Meat', 'Pair_Lamb'})",frozenset({'Body_Very full-bodied'}),0.036742800397219465,0.13306852035749753,0.022840119165839126,0.6216216216216216,4.671440096813231,1.0,0.01795080908319026,2.2911760533408994,0.8159121470192737,0.15540540540540537,0.5635429243676666,0.3966317063331989
"frozenset({'Pair_Beef', 'Pair_Maturated Cheese', 'Pair_Game Meat', 'Pair_Lamb'})",frozenset({'Body_Very full-bodied'}),0.036742800397219465,0.13306852035749753,0.022840119165839126,0.6216216216216216,4.671440096813231,1.0,0.01795080908319026,2.2911760533408994,0.8159121470192737,0.15540540540540537,0.5635429243676666,0.3966317063331989
"frozenset({'Pair_Game Meat', 'Pair_Hard Cheese'})",frozenset({'Body_Very full-bodied'}),0.03574975173783516,0.13306852035749753,0.021847070506454815,0.611111111111111,4.5924543946932,1.0,0.017089903939553217,2.2292523762235774,0.8112536279374589,0.14864864864864863,0.5514191167112129,0.38764510779436145
"frozenset({'Pair_Rich Fish', 'Pair_Pork', 'Pair_Shellfish'})","frozenset({'Body_Medium-bodied', 'Acid_High'})",0.05759682224428997,0.23038728897715988,0.044687189672293945,0.7758620689655173,3.3676426872770517,1.0,0.031417613941732606,3.433656710717288,0.7460250556140968,0.18367346938775514,0.708765294771969,0.48491379310344834
"frozenset({'Pair_Rich Fish', 'Pair_Pork', 'Pair_Soft Cheese', 'Pair_Shellfish'})","frozenset({'Body_Medium-bodied', 'Acid_High'})",0.03475670307845084,0.23038728897715988,0.026812313803376366,0.7714285714285715,3.3483990147783254,1.0,0.01880481120734797,3.367055610724926,0.7266041761926535,0.1125,0.7030046082949309,0.44390394088669954
"frozenset({'Pair_Rich Fish', 'Pair_Pork', 'Pair_Soft Cheese'})","frozenset({'Body_Medium-bodied', 'Acid_High'})",0.03574975173783516,0.23038728897715988,0.026812313803376366,0.75,3.2553879310344827,1.0,0.018576025418890016,3.0784508440913605,0.7185032612427051,0.11203319502074688,0.6751612903225807,0.4331896551724138
"frozenset({'Pair_Game Meat', 'Pair_Poultry', 'Pair_Hard Cheese'})",frozenset({'Acid_Medium'}),0.029791459781529295,0.24726911618669314,0.023833167825223437,0.8,3.2353413654618475,1.0,0.016466659895133275,3.763654419066535,0.7121289662231322,0.09411764705882354,0.7343007915567283,0.44819277108433736
"frozenset({'Pair_Game Meat', 'Pair_Maturated Cheese', 'Pair_Poultry'})",frozenset({'Acid_Medium'}),0.029791459781529295,0.24726911618669314,0.023833167825223437,0.8,3.2353413654618475,1.0,0.016466659895133275,3.763654419066535,0.7121289662231322,0.09411764705882354,0.7343007915567283,0.44819277108433736
"frozenset({'Pair_Maturated Cheese', 'Pair_Game Meat', 'Pair_Poultry', 'Pair_Hard Cheese'})",frozenset({'Acid_Medium'}),0.029791459781529295,0.24726911618669314,0.023833167825223437,0.8,3.2353413654618475,1.0,0.016466659895133275,3.763654419066535,0.7121289662231322,0.09411764705882354,0.7343007915567283,0.44819277108433736
"frozenset({'Pair_Beef', 'Pair_Game Meat', 'Pair_Poultry', 'Pair_Hard Cheese'})",frozenset({'Acid_Medium'}),0.028798411122144985,0.24726911618669314,0.022840119165839126,0.7931034482758621,3.207450491621659,1.0,0.015719161500085302,3.638199271764317,0.7086334133546723,0.09019607843137256,0.7251387498862706,0.44273646309375436
"frozenset({'Pair_Beef', 'Pair_Game Meat', 'Pair_Maturated Cheese', 'Pair_Poultry'})",frozenset({'Acid_Medium'}),0.028798411122144985,0.24726911618669314,0.022840119165839126,0.7931034482758621,3.207450491621659,1.0,0.015719161500085302,3.638199271764317,0.7086334133546723,0.09019607843137256,0.7251387498862706,0.44273646309375436
"frozenset({'Pair_Beef', 'Pair_Hard Cheese', 'Pair_Game Meat', 'Pair_Poultry', 'Pair_Maturated Cheese'})",frozenset({'Acid_Medium'}),0.028798411122144985,0.24726911618669314,0.022840119165839126,0.7931034482758621,3.207450491621659,1.0,0.015719161500085302,3.638199271764317,0.7086334133546723,0.09019607843137256,0.7251387498862706,0.44273646309375436
"frozenset({'Pair_Pork', 'Pair_Soft Cheese', 'Pair_Shellfish'})","frozenset({'Body_Medium-bodied', 'Acid_High'})",0.03773584905660377,0.23038728897715988,0.027805362462760674,0.7368421052631579,3.1982758620689653,1.0,0.019111502501358416,2.924528301886792,0.7142857142857143,0.11570247933884296,0.6580645161290322,0.42876588021778583
"frozenset({'Pair_Hard Cheese', 'Pair_Game Meat', 'Pair_Lamb', 'Pair_Poultry'})",frozenset({'Acid_Medium'}),0.027805362462760674,0.24726911618669314,0.021847070506454815,0.7857142857142857,3.1775674125071713,1.0,0.01497166310503733,3.5127441244620985,0.7048936762930634,0.08627450980392155,0.7153222766679231,0.4370338496844521
"frozenset({'Pair_Maturated Cheese', 'Pair_Game Meat', 'Pair_Lamb', 'Pair_Poultry'})",frozenset({'Acid_Medium'}),0.027805362462760674,0.24726911618669314,0.021847070506454815,0.7857142857142857,3.1775674125071713,1.0,0.01497166310503733,3.5127441244620985,0.7048936762930634,0.08627450980392155,0.7153222766679231,0.4370338496844521
"frozenset({'Pair_Lamb', 'Pair_Beef', 'Pair_Game Meat', 'Pair_Poultry', 'Pair_Hard Cheese'})",frozenset({'Acid_Medium'}),0.027805362462760674,0.24726911618669314,0.021847070506454815,0.7857142857142857,3.1775674125071713,1.0,0.01497166310503733,3.5127441244620985,0.7048936762930634,0.08627450980392155,0.7153222766679231,0.4370338496844521
"frozenset({'Pair_Lamb', 'Pair_Beef', 'Pair_Game Meat', 'Pair_Maturated Cheese', 'Pair_Poultry'})",frozenset({'Acid_Medium'}),0.027805362462760674,0.24726911618669314,0.021847070506454815,0.7857142857142857,3.1775674125071713,1.0,0.01497166310503733,3.5127441244620985,0.7048936762930634,0.08627450980392155,0.7153222766679231,0.4370338496844521
"frozenset({'Pair_Lamb', 'Pair_Hard Cheese', 'Pair_Game Meat', 'Pair_Maturated Cheese', 'Pair_Poultry'})",frozenset({'Acid_Medium'}),0.027805362462760674,0.24726911618669314,0.021847070506454815,0.7857142857142857,3.1775674125071713,1.0,0.01497166310503733,3.5127441244620985,0.7048936762930634,0.08627450980392155,0.7153222766679231,0.4370338496844521
"frozenset({'Pair_Lamb', 'Pair_Beef', 'Pair_Game Meat', 'Pair_Maturated Cheese', 'Pair_Hard Cheese', 'Pair_Poultry'})",frozenset({'Acid_Medium'}),0.027805362462760674,0.24726911618669314,0.021847070506454815,0.7857142857142857,3.1775674125071713,1.0,0.01497166310503733,3.5127441244620985,0.7048936762930634,0.08627450980392155,0.7153222766679231,0.4370338496844521
"frozenset({'Pair_Pasta', 'Pair_Lamb', 'Pair_Poultry'})","frozenset({'Acid_High', 'Body_Full-bodied'})",0.024826216484607744,0.3058589870903674,0.023833167825223437,0.9600000000000001,3.138701298701299,1.0,0.01623984639795513,17.353525322740847,0.6987440597420231,0.07766990291262137,0.9423748211731046,0.518961038961039
"frozenset({'Pair_Pasta', 'Pair_Beef', 'Pair_Lamb', 'Pair_Poultry'})","frozenset({'Acid_High', 'Body_Full-bodied'})",0.024826216484607744,0.3058589870903674,0.023833167825223437,0.9600000000000001,3.138701298701299,1.0,0.01623984639795513,17.353525322740847,0.6987440597420231,0.07766990291262137,0.9423748211731046,0.518961038961039
"frozenset({'Pair_Game Meat', 'Pair_Maturated Cheese'})",frozenset({'Acid_Medium'}),0.041708043694141016,0.24726911618669314,0.031777557100297914,0.7619047619047619,3.081277490916045,1.0,0.021464445998171683,3.1614697120158883,0.7048575129533678,0.12355212355212354,0.6836914185199146,0.44520940906483075
"frozenset({'Pair_Beef', 'Pair_Game Meat', 'Pair_Maturated Cheese'})",frozenset({'Acid_Medium'}),0.0407149950347567,0.24726911618669314,0.030784508440913606,0.7560975609756099,3.057792144186503,1.0,0.020716947603123717,3.0861966236345597,0.7015294196219863,0.11969111969111972,0.675976575069181,0.4402977764717407
"frozenset({'Pair_Game Meat', 'Pair_Maturated Cheese', 'Pair_Hard Cheese'})",frozenset({'Acid_Medium'}),0.03475670307845084,0.24726911618669314,0.025819265143992055,0.7428571428571429,3.0042455536431443,1.0,0.0172250058922202,2.9272867703850824,0.6911601772712884,0.10077519379844962,0.6583867320015078,0.4236374067699369
"frozenset({'Pair_Beef', 'Pair_Game Meat', 'Pair_Maturated Cheese', 'Pair_Hard Cheese'})",frozenset({'Acid_Medium'}),0.033763654419066536,0.24726911618669314,0.024826216484607744,0.7352941176470588,2.9736593432553744,1.0,0.016477507497172226,2.8436500055169365,0.6869064748201439,0.09689922480620154,0.6483392829427285,0.4178478620363808
"frozenset({'Pair_Maturated Cheese', 'Pair_Game Meat', 'Pair_Lamb'})",frozenset({'Acid_Medium'}),0.036742800397219465,0.24726911618669314,0.026812313803376366,0.7297297297297297,2.9511559752523606,1.0,0.017726954022931833,2.7851042701092354,0.686368843069874,0.10424710424710423,0.6409470156172004,0.4190817323347444
"frozenset({'Pair_Beef', 'Pair_Maturated Cheese', 'Pair_Game Meat', 'Pair_Lamb'})",frozenset({'Acid_Medium'}),0.036742800397219465,0.24726911618669314,0.026812313803376366,0.7297297297297297,2.9511559752523606,1.0,0.017726954022931833,2.7851042701092354,0.686368843069874,0.10424710424710423,0.6409470156172004,0.4190817323347444
"frozenset({'Pair_Hard Cheese', 'Pair_Lamb', 'Pair_Poultry'})",frozenset({'Acid_Medium'}),0.03277060575968222,0.24726911618669314,0.023833167825223437,0.7272727272727274,2.9412194231471345,1.0,0.015730009102124257,2.760013240648793,0.6823665297741274,0.09302325581395349,0.6376828975773569,0.41182913472070104
"frozenset({'Pair_Beef', 'Pair_Hard Cheese', 'Pair_Lamb', 'Pair_Poultry'})",frozenset({'Acid_Medium'}),0.03277060575968222,0.24726911618669314,0.023833167825223437,0.7272727272727274,2.9412194231471345,1.0,0.015730009102124257,2.760013240648793,0.6823665297741274,0.09302325581395349,0.6376828975773569,0.41182913472070104
"frozenset({'Pair_Maturated Cheese', 'Pair_Game Meat', 'Pair_Lamb', 'Pair_Hard Cheese'})",frozenset({'Acid_Medium'}),0.03277060575968222,0.24726911618669314,0.023833167825223437,0.7272727272727274,2.9412194231471345,1.0,0.015730009102124257,2.760013240648793,0.6823665297741274,0.09302325581395349,0.6376828975773569,0.41182913472070104
"frozenset({'Pair_Maturated Cheese', 'Pair_Poultry', 'Pair_Lamb', 'Pair_Hard Cheese'})",frozenset({'Acid_Medium'}),0.03277060575968222,0.24726911618669314,0.023833167825223437,0.7272727272727274,2.9412194231471345,1.0,0.015730009102124257,2.760013240648793,0.6823665297741274,0.09302325581395349,0.6376828975773569,0.41182913472070104
"frozenset({'Pair_Lamb', 'Pair_Beef', 'Pair_Game Meat', 'Pair_Maturated Cheese', 'Pair_Hard Cheese'})",frozenset({'Acid_Medium'}),0.03277060575968222,0.24726911618669314,0.023833167825223437,0.7272727272727274,2.9412194231471345,1.0,0.015730009102124257,2.760013240648793,0.6823665297741274,0.09302325581395349,0.6376828975773569,0.41182913472070104
"frozenset({'Pair_Lamb', 'Pair_Beef', 'Pair_Hard Cheese', 'Pair_Maturated Cheese', 'Pair_Poultry'})",frozenset({'Acid_Medium'}),0.03277060575968222,0.24726911618669314,0.023833167825223437,0.7272727272727274,2.9412194231471345,1.0,0.015730009102124257,2.760013240648793,0.6823665297741274,0.09302325581395349,0.6376828975773569,0.41182913472070104
"frozenset({'Pair_Game Meat', 'Pair_Hard Cheese'})",frozenset({'Acid_Medium'}),0.03574975173783516,0.24726911618669314,0.025819265143992055,0.7222222222222221,2.9207942882641675,1.0,0.01697945562788386,2.7098311817279037,0.682009031133645,0.1003861003861004,0.6309733216065668,0.4133199464524765
"frozenset({'Pair_Beef', 'Pair_Game Meat', 'Pair_Hard Cheese'})",frozenset({'Acid_Medium'}),0.03475670307845084,0.24726911618669314,0.024826216484607744,0.7142857142857143,2.8886976477337925,1.0,0.016231957232835888,2.634558093346574,0.6773662551440328,0.09652509652509653,0.6204297022238975,0.40734366035570857
"frozenset({'Pair_Beef', 'Pair_Poultry', 'Pair_Hard Cheese'})",frozenset({'Acid_Medium'}),0.0407149950347567,0.24726911618669314,0.028798411122144985,0.7073170731707317,2.8605152316583404,1.0,0.018730850284355095,2.5718305196954647,0.6780181337902478,0.1111111111111111,0.6111718900830169,0.41189146831227347
"frozenset({'Pair_Beef', 'Pair_Maturated Cheese', 'Pair_Poultry', 'Pair_Hard Cheese'})",frozenset({'Acid_Medium'}),0.0407149950347567,0.24726911618669314,0.028798411122144985,0.7073170731707317,2.8605152316583404,1.0,0.018730850284355095,2.5718305196954647,0.6780181337902478,0.1111111111111111,0.6111718900830169,0.41189146831227347
"frozenset({'Pair_Game Meat', 'Pair_Lamb', 'Pair_Hard Cheese'})",frozenset({'Acid_Medium'}),0.033763654419066536,0.24726911618669314,0.023833167825223437,0.7058823529411765,2.85471296952516,1.0,0.015484458837787918,2.559285004965244,0.6724049331963001,0.09266409266409266,0.6092658699363651,0.4011339475549256
"frozenset({'Pair_Maturated Cheese', 'Pair_Lamb', 'Pair_Poultry'})",frozenset({'Acid_Medium'}),0.033763654419066536,0.24726911618669314,0.023833167825223437,0.7058823529411765,2.85471296952516,1.0,0.015484458837787918,2.559285004965244,0.6724049331963001,0.09266409266409266,0.6092658699363651,0.4011339475549256
"frozenset({'Pair_Beef', 'Pair_Game Meat', 'Pair_Lamb', 'Pair_Hard Cheese'})",frozenset({'Acid_Medium'}),0.033763654419066536,0.24726911618669314,0.023833167825223437,0.7058823529411765,2.85471296952516,1.0,0.015484458837787918,2.559285004965244,0.6724049331963001,0.09266409266409266,0.6092658699363651,0.4011339475549256
"frozenset({'Pair_Beef', 'Pair_Maturated Cheese', 'Pair_Lamb', 'Pair_Poultry'})",frozenset({'Acid_Medium'}),0.033763654419066536,0.24726911618669314,0.023833167825223437,0.7058823529411765,2.85471296952516,1.0,0.015484458837787918,2.559285004965244,0.6724049331963001,0.09266409266409266,0.6092658699363651,0.4011339475549256
"frozenset({'Pair_Beef', 'Pair_Maturated Cheese', 'Pair_Poultry'})",frozenset({'Acid_Medium'}),0.041708043694141016,0.24726911618669314,0.028798411122144985,0.6904761904761905,2.792407726142666,1.0,0.018485300020018754,2.4318997784737606,0.6698231195283186,0.11068702290076335,0.5887988440758889,0.40347102696500287
"frozenset({'Pair_Rich Fish', 'Pair_Shellfish'})","frozenset({'Body_Medium-bodied', 'Acid_High'})",0.08341608738828203,0.23038728897715988,0.05362462760675273,0.6428571428571428,2.790332512315271,1.0,0.03440662137628458,2.154915590863952,0.700012038040207,0.20610687022900764,0.5359447004608294,0.437807881773399
"frozenset({'Pair_Poultry', 'Pair_Hard Cheese'})",frozenset({'Acid_Medium'}),0.04667328699106256,0.24726911618669314,0.030784508440913606,0.6595744680851064,2.6674357002478,1.0,0.019243646017105685,2.211146971201589,0.6557123655913979,0.11698113207547171,0.5477460281816652,0.39203623002648896
"frozenset({'Pair_Maturated Cheese', 'Pair_Poultry', 'Pair_Hard Cheese'})",frozenset({'Acid_Medium'}),0.04667328699106256,0.24726911618669314,0.030784508440913606,0.6595744680851064,2.6674357002478,1.0,0.019243646017105685,2.211146971201589,0.6557123655913979,0.11698113207547171,0.5477460281816652,0.39203623002648896
"frozenset({'Pair_Maturated Cheese', 'Pair_Poultry'})",frozenset({'Acid_Medium'}),0.047666335650446874,0.24726911618669314,0.030784508440913606,0.6458333333333334,2.6118641231593043,1.0,0.018998095752769346,2.1253577895905136,0.6480204514110801,0.11654135338345865,0.529490985048373,0.3851656626506024
"frozenset({'Pair_Maturated Cheese', 'Pair_Lamb', 'Pair_Hard Cheese'})",frozenset({'Acid_Medium'}),0.05858987090367428,0.24726911618669314,0.03773584905660377,0.6440677966101694,2.604723980668436,1.0,0.023248383460759782,2.1148153402373855,0.654424827892516,0.14074074074074075,0.527145476499262,0.39833911918861886
"frozenset({'Pair_Lamb', 'Pair_Hard Cheese'})",frozenset({'Acid_Medium'}),0.05958291956305859,0.24726911618669314,0.03773584905660377,0.6333333333333333,2.5613119143239627,1.0,0.023002833196423447,2.052902410399928,0.648196520869227,0.14022140221402213,0.5128847845206684,0.3929718875502008
"frozenset({'Pair_Beef', 'Pair_Maturated Cheese', 'Pair_Lamb', 'Pair_Hard Cheese'})",frozenset({'Acid_Medium'}),0.05660377358490566,0.24726911618669314,0.03574975173783516,0.6315789473684211,2.5542168674698797,1.0,0.021753386670663847,2.043126684636119,0.645,0.13333333333333336,0.5105540897097627,0.3880786303107166
"frozenset({'Pair_Maturated Cheese', 'Pair_Lamb'})",frozenset({'Acid_Medium'}),0.06454816285998013,0.24726911618669314,0.0407149950347567,0.6307692307692307,2.550942230460303,1.0,0.024754227852894682,2.0386461436610395,0.6499404484490705,0.15018315018315018,0.5094783844124213,0.3977139326536917
"frozenset({'Pair_Beef', 'Pair_Lamb', 'Pair_Hard Cheese'})",frozenset({'Acid_Medium'}),0.05759682224428997,0.24726911618669314,0.03574975173783516,0.6206896551724138,2.510178645616951,1.0,0.02150783640632751,1.9844723300532636,0.6383912890762206,0.13284132841328417,0.49608770812482944,0.38263398421271294
"frozenset({'Pair_Beef', 'Pair_Maturated Cheese', 'Pair_Lamb'})",frozenset({'Acid_Medium'}),0.06256206554121152,0.24726911618669314,0.038728897715988087,0.6190476190476191,2.503537961369287,1.0,0.023259231062798744,1.9759185700099307,0.6406453715775751,0.14285714285714285,0.49390626963186335,0.3878370625358577
"frozenset({'Pair_Rich Fish', 'Pair_Pork', 'Pair_Shellfish'})",frozenset({'Body_Medium-bodied'}),0.05759682224428997,0.3455809334657398,0.04965243296921549,0.8620689655172413,2.4945501387237417,1.0,0.029748069373373473,4.744538232373385,0.6357428872497365,0.1404494382022472,0.7892313327403065,0.5028735632183907
"frozenset({'Pair_Pasta', 'Pair_Lamb', 'Pair_Poultry'})",frozenset({'Body_Full-bodied'}),0.024826216484607744,0.38927507447864945,0.023833167825223437,0.9600000000000001,2.466122448979592,1.0,0.014168940554154682,15.268123138033792,0.6096401900882553,0.06106870229007634,0.9345040650406508,0.5106122448979592
"frozenset({'Pair_Pasta', 'Pair_Beef', 'Pair_Lamb', 'Pair_Poultry'})",frozenset({'Body_Full-bodied'}),0.024826216484607744,0.38927507447864945,0.023833167825223437,0.9600000000000001,2.466122448979592,1.0,0.014168940554154682,15.268123138033792,0.6096401900882553,0.06106870229007634,0.9345040650406508,0.5106122448979592
"frozenset({'Pair_Lean Fish', 'Pair_Vegetarian'})",frozenset({'Body_Medium-bodied'}),0.025819265143992055,0.3455809334657398,0.021847070506454815,0.8461538461538461,2.448496905393457,1.0,0.012924424756594602,4.253723932472691,0.607265313687332,0.06249999999999999,0.764911871133419,0.4546861184792219
"frozenset({'Pair_Pasta', 'Pair_Beef', 'Pair_Poultry'})","frozenset({'Acid_High', 'Body_Full-bodied'})",0.038728897715988087,0.3058589870903674,0.028798411122144985,0.7435897435897435,2.4311521811521812,1.0,0.016952829695606422,2.7071499503475662,0.6123895696779709,0.09119496855345913,0.6306078280327206,0.41887279387279386
"frozenset({'Pair_Pasta', 'Pair_Lean Fish'})",frozenset({'Body_Medium-bodied'}),0.026812313803376366,0.3455809334657398,0.021847070506454815,0.8148148148148148,2.357811834823329,1.0,0.01258124607390767,3.533862959285004,0.5917439703153989,0.06232294617563739,0.7170235485865227,0.4390166028097062
"frozenset({'Pair_Rich Fish', 'Pair_Soft Cheese', 'Pair_Pork'})",frozenset({'Body_Medium-bodied'}),0.03574975173783516,0.3455809334657398,0.028798411122144985,0.8055555555555555,2.331018518518518,1.0,0.016443978545415457,3.365583770747622,0.592173017507724,0.08169014084507041,0.7028747260158488,0.4444444444444444
"frozenset({'Pair_Rich Fish', 'Pair_Pork', 'Pair_Soft Cheese', 'Pair_Shellfish'})",frozenset({'Body_Medium-bodied'}),0.03475670307845084,0.3455809334657398,0.027805362462760674,0.7999999999999999,2.314942528735632,1.0,0.01579410856871808,3.2720953326713,0.588477366255144,0.07887323943661971,0.6943854324734445,0.44022988505747124
"frozenset({'Pair_Pork', 'Pair_Soft Cheese'})",frozenset({'Body_Medium-bodied'}),0.04865938430983118,0.3455809334657398,0.038728897715988087,0.7959183673469389,2.303131597466573,1.0,0.02191314226432845,3.2066534260178767,0.594748675124458,0.10893854748603353,0.6881484004831069,0.45399366643209016
"frozenset({'Pair_Pork', 'Pair_Soft Cheese', 'Pair_Shellfish'})",frozenset({'Body_Medium-bodied'}),0.03773584905660377,0.3455809334657398,0.028798411122144985,0.7631578947368421,2.2083333333333335,1.0,0.015757621180041596,2.7631027253668767,0.5686274509803921,0.08123249299719888,0.6380880121396055,0.42324561403508776
"frozenset({'Pair_Cured Meat', 'Pair_Lean Fish'})",frozenset({'Body_Medium-bodied'}),0.031777557100297914,0.3455809334657398,0.023833167825223437,0.75,2.1702586206896552,1.0,0.012851449979241637,2.6176762661370407,0.5569230769230771,0.06741573033707866,0.6179817905918058,0.40948275862068967
"frozenset({'Pair_Rich Fish', 'Pair_Shellfish'})",frozenset({'Body_Medium-bodied'}),0.08341608738828203,0.3455809334657398,0.0605759682224429,0.7261904761904762,2.1013615216201424,1.0,0.03174895887674067,2.390052242994689,0.5718167770811501,0.16442048517520214,0.5815991039815015,0.45073891625615764
"frozenset({'Pair_Pork', 'Pair_Veal'})",frozenset({'Body_Medium-bodied'}),0.039721946375372394,0.3455809334657398,0.028798411122144985,0.725,2.0979166666666664,1.0,0.015071263814667732,2.3797056964882186,0.5449844881075492,0.0807799442896936,0.5797799696509863,0.4041666666666667
"frozenset({'Pair_Pork', 'Pair_Veal', 'Pair_Poultry'})",frozenset({'Body_Medium-bodied'}),0.038728897715988087,0.3455809334657398,0.027805362462760674,0.7179487179487178,2.0775125257883875,1.0,0.014421393837970352,2.3202130540760124,0.5395513577331759,0.07799442896935932,0.5690050970779346,0.3992042440318302
"frozenset({'Pair_Pork', 'Pair_Game Meat', 'Pair_Poultry'})",frozenset({'Body_Medium-bodied'}),0.04568023833167825,0.3455809334657398,0.03277060575968222,0.717391304347826,2.0758995502248876,1.0,0.016984386356083382,2.315636696967382,0.5430895847128938,0.09141274238227147,0.5681533284950847,0.4061094452773613
"frozenset({'Pair_Veal', 'Pair_Lamb', 'Pair_Poultry'})","frozenset({'Acid_High', 'Body_Full-bodied'})",0.044687189672293945,0.3058589870903674,0.027805362462760674,0.6222222222222221,2.0343434343434343,1.0,0.01413738389367772,1.8374320929960857,0.5322245322245321,0.08615384615384615,0.45576219996820844,0.35656565656565653
"frozenset({'Pair_Beef', 'Pair_Veal', 'Pair_Lamb', 'Pair_Poultry'})","frozenset({'Acid_High', 'Body_Full-bodied'})",0.044687189672293945,0.3058589870903674,0.027805362462760674,0.6222222222222221,2.0343434343434343,1.0,0.01413738389367772,1.8374320929960857,0.5322245322245321,0.08615384615384615,0.45576219996820844,0.35656565656565653
"frozenset({'Pair_Pasta', 'Pair_Veal', 'Pair_Poultry'})",frozenset({'Body_Medium-bodied'}),0.029791459781529295,0.3455809334657398,0.020854021847070508,0.7000000000000001,2.0255747126436785,1.0,0.010558661366462569,2.1813968884475345,0.5218599210410879,0.05882352941176471,0.5415781487101671,0.38017241379310346
"frozenset({'Pair_Pork', 'Pair_Veal', 'Pair_Game Meat'})",frozenset({'Body_Medium-bodied'}),0.031777557100297914,0.3455809334657398,0.021847070506454815,0.6875,1.9894037356321839,1.0,0.010865352660473015,2.0941410129096325,0.5136596736596737,0.061452513966480445,0.5224772382397572,0.37535919540229884
"frozenset({'Pair_Pork', 'Pair_Veal', 'Pair_Game Meat', 'Pair_Poultry'})",frozenset({'Body_Medium-bodied'}),0.031777557100297914,0.3455809334657398,0.021847070506454815,0.6875,1.9894037356321839,1.0,0.010865352660473015,2.0941410129096325,0.5136596736596737,0.061452513966480445,0.5224772382397572,0.37535919540229884
"frozenset({'Pair_Pork', 'Pair_Game Meat'})",frozenset({'Body_Medium-bodied'}),0.05660377358490566,0.3455809334657398,0.03773584905660377,0.6666666666666666,1.92911877394636,1.0,0.018174664143448687,1.9632571996027803,0.5105263157894736,0.10354223433242507,0.49064238745574096,0.3879310344827586
"frozenset({'Pair_Pasta', 'Pair_Beef', 'Pair_Poultry'})",frozenset({'Body_Full-bodied'}),0.038728897715988087,0.38927507447864945,0.028798411122144985,0.7435897435897435,1.9101909994767134,1.0,0.013722216579277725,2.381827209533266,0.4956896551724137,0.07213930348258707,0.5801542630810923,0.40878466771323907
frozenset({'Pair_Lean Fish'}),frozenset({'Body_Medium-bodied'}),0.07845084409136048,0.3455809334657398,0.05163853028798411,0.6582278481012658,1.9046995489596972,1.0,0.024527414355716537,1.914781713192835,0.5154177718832891,0.13866666666666666,0.47774725802424073,0.40382656772879383
"frozenset({'Pair_Veal', 'Pair_Lamb'})",frozenset({'Body_Full-bodied'}),0.06256206554121152,0.38927507447864945,0.04568023833167825,0.7301587301587301,1.8756883705863296,1.0,0.021326385608584988,2.263274723990887,0.4980195283714075,0.11246943765281173,0.5581623435281972,0.42375283446712014
"frozenset({'Pair_Beef', 'Pair_Veal', 'Pair_Lamb'})",frozenset({'Body_Full-bodied'}),0.06256206554121152,0.38927507447864945,0.04568023833167825,0.7301587301587301,1.8756883705863296,1.0,0.021326385608584988,2.263274723990887,0.4980195283714075,0.11246943765281173,0.5581623435281972,0.42375283446712014
"frozenset({'Pair_Rich Fish', 'Pair_Soft Cheese'})",frozenset({'Body_Medium-bodied'}),0.05263157894736842,0.3455809334657398,0.033763654419066536,0.6415094339622642,1.8563218390804601,1.0,0.015575184236659177,1.8254847645429366,0.4869281045751634,0.09264305177111717,0.4522003034901367,0.3696052916937758
"frozenset({'Pair_Beef', 'Pair_Pork'})",frozenset({'Body_Medium-bodied'}),0.03574975173783516,0.3455809334657398,0.022840119165839126,0.6388888888888888,1.8487388250319283,1.0,0.010485686589109599,1.812237415017951,0.47611158375498136,0.06371191135734071,0.44819591974371936,0.3524904214559387
"frozenset({'Pair_Rich Fish', 'Pair_Soft Cheese', 'Pair_Shellfish'})",frozenset({'Body_Medium-bodied'}),0.04865938430983118,0.3455809334657398,0.030784508440913606,0.6326530612244898,1.8306943467041992,1.0,0.013968752989253971,1.7814741255654862,0.47696814600309784,0.08469945355191258,0.4386671208695922,0.3608667604973024
"frozenset({'Pair_Veal', 'Pair_Lamb', 'Pair_Poultry'})",frozenset({'Body_Full-bodied'}),0.044687189672293945,0.38927507447864945,0.031777557100297914,0.711111111111111,1.8267573696145123,1.0,0.014381948012374152,2.1140478191123666,0.4737525987525987,0.07901234567901233,0.526973803071364,0.39637188208616775
"frozenset({'Pair_Beef', 'Pair_Veal', 'Pair_Lamb', 'Pair_Poultry'})",frozenset({'Body_Full-bodied'}),0.044687189672293945,0.38927507447864945,0.031777557100297914,0.711111111111111,1.8267573696145123,1.0,0.014381948012374152,2.1140478191123666,0.4737525987525987,0.07901234567901233,0.526973803071364,0.39637188208616775
"frozenset({'Pair_Aperitif', 'Pair_Vegetarian'})",frozenset({'Body_Medium-bodied'}),0.044687189672293945,0.3455809334657398,0.027805362462760674,0.6222222222222221,1.8005108556832692,1.0,0.012362321741848764,1.7322857643553942,0.4653994653994653,0.07671232876712328,0.42272803911650636,0.35134099616858233
"frozenset({'Pair_Lean Fish', 'Pair_Shellfish'})",frozenset({'Body_Medium-bodied'}),0.05163853028798411,0.3455809334657398,0.031777557100297914,0.6153846153846154,1.7807250221043325,1.0,0.013932265600577486,1.7014895729890767,0.46230366492146596,0.08695652173913043,0.4122796778335474,0.3536693191865606
"frozenset({'Pair_Soft Cheese', 'Pair_Shellfish'})",frozenset({'Body_Medium-bodied'}),0.05461767626613704,0.3455809334657398,0.03277060575968222,0.6,1.736206896551724,1.0,0.013895778211901001,1.6360476663356505,0.44852941176470584,0.08918918918918918,0.38877086494688917,0.3474137931034483
"frozenset({'Pair_Game Meat', 'Pair_Lamb', 'Pair_Poultry'})",frozenset({'Body_Full-bodied'}),0.1529294935451837,0.38927507447864945,0.10327706057596822,0.6753246753246753,1.7348263980917042,1.0,0.04374542058618469,1.8810327706057595,0.5000450897285598,0.2352941176470588,0.4683771513039806,0.4703153988868275
"frozenset({'Pair_Beef', 'Pair_Game Meat', 'Pair_Lamb', 'Pair_Poultry'})",frozenset({'Body_Full-bodied'}),0.1529294935451837,0.38927507447864945,0.10327706057596822,0.6753246753246753,1.7348263980917042,1.0,0.04374542058618469,1.8810327706057595,0.5000450897285598,0.2352941176470588,0.4683771513039806,0.4703153988868275
"frozenset({'Pair_Beef', 'Pair_Lamb', 'Pair_Poultry'})",frozenset({'Body_Full-bodied'}),0.2840119165839126,0.38927507447864945,0.1817279046673287,0.6398601398601398,1.6437223490794917,1.0,0.07116914468630213,1.6957993077583127,0.5469710405250752,0.3696969696969697,0.41030757860026146,0.5533484372770087
"frozenset({'Pair_Lamb', 'Pair_Poultry'})",frozenset({'Body_Full-bodied'}),0.2899702085402185,0.38927507447864945,0.1817279046673287,0.6267123287671232,1.6099472323175845,1.0,0.06884973014124562,1.6360704426810488,0.5335855401429171,0.36526946107784425,0.38877937409511076,0.5467745317305004
"frozenset({'Pair_Beef', 'Pair_Lamb'})",frozenset({'Body_Full-bodied'}),0.39821251241310823,0.38927507447864945,0.24329692154915591,0.6109725685785536,1.5695137157107233,1.0,0.08828271612121308,1.569876250859369,0.602970297029703,0.44708029197080296,0.3630071163554529,0.6179862842892768
"frozenset({'Pair_Pasta', 'Pair_Lamb'})",frozenset({'Body_Full-bodied'}),0.07646474677259185,0.38927507447864945,0.04667328699106256,0.6103896103896104,1.5680161675059634,1.0,0.016907466996170795,1.567527308838133,0.3922443376801647,0.11137440758293839,0.3620525815647767,0.3651437847866419
"frozenset({'Pair_Pasta', 'Pair_Beef', 'Pair_Lamb'})",frozenset({'Body_Full-bodied'}),0.07646474677259185,0.38927507447864945,0.04667328699106256,0.6103896103896104,1.5680161675059634,1.0,0.016907466996170795,1.567527308838133,0.3922443376801647,0.11137440758293839,0.3620525815647767,0.3651437847866419
"frozenset({'Pair_Game Meat', 'Pair_Lamb'})",frozenset({'Body_Full-bodied'}),0.22840119165839126,0.38927507447864945,0.13803376365441908,0.6043478260869566,1.5524955634427686,1.0,0.049122872760586536,1.5435904710979191,0.46121866985176346,0.28778467908902694,0.3521597737716509,0.4794698314108252
"frozenset({'Pair_Beef', 'Pair_Game Meat', 'Pair_Lamb'})",frozenset({'Body_Full-bodied'}),0.22840119165839126,0.38927507447864945,0.13803376365441908,0.6043478260869566,1.5524955634427686,1.0,0.049122872760586536,1.5435904710979191,0.46121866985176346,0.28778467908902694,0.3521597737716509,0.4794698314108252
"frozenset({'Pair_Snack', 'Pair_Cured Meat'})",frozenset({'Acid_High'}),0.027805362462760674,0.7348560079443893,0.027805362462760674,1.0,1.3608108108108108,1.0,0.007372424803929592,inf,0.2727272727272727,0.03783783783783783,1.0,0.518918918918919
"frozenset({'Pair_Goat Cheese', 'Pair_Shellfish'})",frozenset({'Acid_High'}),0.0407149950347567,0.7348560079443893,0.0407149950347567,1.0,1.3608108108108108,1.0,0.010795336320039758,inf,0.2763975155279503,0.0554054054054054,1.0,0.5277027027027027
"frozenset({'Pair_Goat Cheese', 'Pair_Vegetarian'})",frozenset({'Acid_High'}),0.039721946375372394,0.7348560079443893,0.039721946375372394,1.0,1.3608108108108108,1.0,0.010532035434185131,inf,0.27611168562564625,0.05405405405405405,1.0,0.527027027027027
"frozenset({'Pair_Snack', 'Pair_Cured Meat', 'Pair_Aperitif'})",frozenset({'Acid_High'}),0.027805362462760674,0.7348560079443893,0.027805362462760674,1.0,1.3608108108108108,1.0,0.007372424803929592,inf,0.2727272727272727,0.03783783783783783,1.0,0.518918918918919
"frozenset({'Pair_Pork', 'Pair_Cured Meat', 'Pair_Shellfish'})",frozenset({'Acid_High'}),0.038728897715988087,0.7348560079443893,0.038728897715988087,1.0,1.3608108108108108,1.0,0.010268734548330504,inf,0.2758264462809917,0.052702702702702706,1.0,0.5263513513513514
"frozenset({'Pair_Cured Meat', 'Pair_Shellfish', 'Pair_Poultry'})",frozenset({'Acid_High'}),0.03773584905660377,0.7348560079443893,0.03773584905660377,1.0,1.3608108108108108,1.0,0.010005433662475874,inf,0.27554179566563464,0.05135135135135135,1.0,0.5256756756756756
"frozenset({'Pair_Cured Meat', 'Pair_Spicy Food', 'Pair_Poultry'})",frozenset({'Acid_High'}),0.033763654419066536,0.7348560079443893,0.033763654419066536,1.0,1.3608108108108108,1.0,0.008952230119057363,inf,0.2744090441932169,0.04594594594594594,1.0,0.522972972972973
"frozenset({'Pair_Cured Meat', 'Pair_Spicy Food', 'Pair_Shellfish'})",frozenset({'Acid_High'}),0.033763654419066536,0.7348560079443893,0.033763654419066536,1.0,1.3608108108108108,1.0,0.008952230119057363,inf,0.2744090441932169,0.04594594594594594,1.0,0.522972972972973
"frozenset({'Pair_Vegetarian', 'Pair_Goat Cheese', 'Pair_Shellfish'})",frozenset({'Acid_High'}),0.039721946375372394,0.7348560079443893,0.039721946375372394,1.0,1.3608108108108108,1.0,0.010532035434185131,inf,0.27611168562564625,0.05405405405405405,1.0,0.527027027027027
"frozenset({'Pair_Pasta', 'Pair_Lamb', 'Pair_Poultry'})",frozenset({'Acid_High'}),0.024826216484607744,0.7348560079443893,0.024826216484607744,1.0,1.3608108108108108,1.0,0.006582522146365708,inf,0.27189409368635437,0.03378378378378378,1.0,0.5168918918918919
"frozenset({'Pair_Pasta', 'Pair_Beef', 'Pair_Lamb', 'Pair_Poultry'})",frozenset({'Acid_High'}),0.024826216484607744,0.7348560079443893,0.024826216484607744,1.0,1.3608108108108108,1.0,0.006582522146365708,inf,0.27189409368635437,0.03378378378378378,1.0,0.5168918918918919
"frozenset({'Pair_Pork', 'Pair_Cured Meat', 'Pair_Shellfish', 'Pair_Poultry'})",frozenset({'Acid_High'}),0.03773584905660377,0.7348560079443893,0.03773584905660377,1.0,1.3608108108108108,1.0,0.010005433662475874,inf,0.27554179566563464,0.05135135135135135,1.0,0.5256756756756756
"frozenset({'Pair_Pork', 'Pair_Cured Meat', 'Pair_Spicy Food', 'Pair_Poultry'})",frozenset({'Acid_High'}),0.033763654419066536,0.7348560079443893,0.033763654419066536,1.0,1.3608108108108108,1.0,0.008952230119057363,inf,0.2744090441932169,0.04594594594594594,1.0,0.522972972972973
"frozenset({'Pair_Pork', 'Pair_Cured Meat', 'Pair_Spicy Food', 'Pair_Shellfish'})",frozenset({'Acid_High'}),0.033763654419066536,0.7348560079443893,0.033763654419066536,1.0,1.3608108108108108,1.0,0.008952230119057363,inf,0.2744090441932169,0.04594594594594594,1.0,0.522972972972973
"frozenset({'Pair_Cured Meat', 'Pair_Spicy Food', 'Pair_Shellfish', 'Pair_Poultry'})",frozenset({'Acid_High'}),0.033763654419066536,0.7348560079443893,0.033763654419066536,1.0,1.3608108108108108,1.0,0.008952230119057363,inf,0.2744090441932169,0.04594594594594594,1.0,0.522972972972973
"frozenset({'Pair_Pork', 'Pair_Spicy Food', 'Pair_Shellfish', 'Pair_Poultry', 'Pair_Cured Meat'})",frozenset({'Acid_High'}),0.033763654419066536,0.7348560079443893,0.033763654419066536,1.0,1.3608108108108108,1.0,0.008952230119057363,inf,0.2744090441932169,0.04594594594594594,1.0,0.522972972972973
"frozenset({'Pair_Pork', 'Pair_Cured Meat', 'Pair_Poultry'})",frozenset({'Acid_High'}),0.047666335650446874,0.7348560079443893,0.04667328699106256,0.9791666666666665,1.3324605855855853,1.0,0.011645393861637841,12.726911618669222,0.2619972045348655,0.06342780026990552,0.9214263420724089,0.52134009009009
frozenset({'Pair_Goat Cheese'}),frozenset({'Acid_High'}),0.04270109235352532,0.7348560079443893,0.041708043694141016,0.9767441860465117,1.329164047768699,1.0,0.010328889432364707,11.401191658391292,0.2586939340051373,0.05668016194331984,0.9122898702203643,0.5167504714016342
"frozenset({'Pair_Rich Fish', 'Pair_Pork', 'Pair_Soft Cheese', 'Pair_Shellfish'})",frozenset({'Acid_High'}),0.03475670307845084,0.7348560079443893,0.033763654419066536,0.9714285714285715,1.3219305019305019,1.0,0.008222482345527683,9.280039721946407,0.25229968530622127,0.04588394062078272,0.8922418405564476,0.5086872586872587
"frozenset({'Pair_Cured Meat', 'Pair_Aperitif'})",frozenset({'Acid_High'}),0.028798411122144985,0.7348560079443893,0.027805362462760674,0.9655172413793103,1.3138863000931964,1.0,0.006642677030399908,7.689175769612694,0.2459830557990066,0.03778677462887989,0.8699470489474361,0.5016775396085741
"frozenset({'Pair_Lean Fish', 'Pair_Shellfish', 'Pair_Aperitif'})",frozenset({'Acid_High'}),0.022840119165839126,0.7348560079443893,0.021847070506454815,0.9565217391304347,1.3016451233842536,1.0,0.00506287171527214,6.0983118172790345,0.23715816703621576,0.029689608636977054,0.8360201921511151,0.49312573443008223
"frozenset({'Pair_Pasta', 'Pair_Beef', 'Pair_Game Meat'})",frozenset({'Acid_High'}),0.04568023833167825,0.7348560079443893,0.04369414101290963,0.9565217391304347,1.3016451233842536,1.0,0.01012574343054428,6.0983118172790345,0.2428341689527953,0.059299191374663066,0.8360201921511151,0.507990599294947
"frozenset({'Pair_Pasta', 'Pair_Game Meat', 'Pair_Lamb'})",frozenset({'Acid_High'}),0.04568023833167825,0.7348560079443893,0.04369414101290963,0.9565217391304347,1.3016451233842536,1.0,0.01012574343054428,6.0983118172790345,0.2428341689527953,0.059299191374663066,0.8360201921511151,0.507990599294947
"frozenset({'Pair_Snack', 'Pair_Lean Fish', 'Pair_Shellfish'})",frozenset({'Acid_High'}),0.022840119165839126,0.7348560079443893,0.021847070506454815,0.9565217391304347,1.3016451233842536,1.0,0.00506287171527214,6.0983118172790345,0.23715816703621576,0.029689608636977054,0.8360201921511151,0.49312573443008223
"frozenset({'Pair_Snack', 'Pair_Lean Fish', 'Pair_Shellfish', 'Pair_Aperitif'})",frozenset({'Acid_High'}),0.022840119165839126,0.7348560079443893,0.021847070506454815,0.9565217391304347,1.3016451233842536,1.0,0.00506287171527214,6.0983118172790345,0.23715816703621576,0.029689608636977054,0.8360201921511151,0.49312573443008223
"frozenset({'Pair_Pasta', 'Pair_Beef', 'Pair_Game Meat', 'Pair_Lamb'})",frozenset({'Acid_High'}),0.04568023833167825,0.7348560079443893,0.04369414101290963,0.9565217391304347,1.3016451233842536,1.0,0.01012574343054428,6.0983118172790345,0.2428341689527953,0.059299191374663066,0.8360201921511151,0.507990599294947
"frozenset({'Pair_Cured Meat', 'Pair_Spicy Food'})",frozenset({'Acid_High'}),0.038728897715988087,0.7348560079443893,0.036742800397219465,0.9487179487179487,1.2910256410256409,1.0,0.008282637229561882,5.170307845084404,0.23450413223140487,0.049865229110512124,0.8065879189474693,0.49935897435897436
"frozenset({'Pair_Pasta', 'Pair_Beef', 'Pair_Poultry'})",frozenset({'Acid_High'}),0.038728897715988087,0.7348560079443893,0.036742800397219465,0.9487179487179487,1.2910256410256409,1.0,0.008282637229561882,5.170307845084404,0.23450413223140487,0.049865229110512124,0.8065879189474693,0.49935897435897436
"frozenset({'Pair_Pork', 'Pair_Cured Meat', 'Pair_Spicy Food'})",frozenset({'Acid_High'}),0.038728897715988087,0.7348560079443893,0.036742800397219465,0.9487179487179487,1.2910256410256409,1.0,0.008282637229561882,5.170307845084404,0.23450413223140487,0.049865229110512124,0.8065879189474693,0.49935897435897436
"frozenset({'Pair_Snack', 'Pair_Lean Fish'})",frozenset({'Acid_High'}),0.03773584905660377,0.7348560079443893,0.03574975173783516,0.9473684210526317,1.2891891891891893,1.0,0.008019336343707259,5.037735849056619,0.2331154684095861,0.04851752021563342,0.8014981273408246,0.4980085348506402
"frozenset({'Pair_Snack', 'Pair_Lean Fish', 'Pair_Aperitif'})",frozenset({'Acid_High'}),0.03773584905660377,0.7348560079443893,0.03574975173783516,0.9473684210526317,1.2891891891891893,1.0,0.008019336343707259,5.037735849056619,0.2331154684095861,0.04851752021563342,0.8014981273408246,0.4980085348506402
"frozenset({'Pair_Pasta', 'Pair_Game Meat'})",frozenset({'Acid_High'}),0.05660377358490566,0.7348560079443893,0.05362462760675273,0.9473684210526316,1.2891891891891891,1.0,0.012029004515560882,5.037735849056609,0.2377777777777777,0.07267833109017496,0.8014981273408242,0.5101706970128023
"frozenset({'Pair_Pork', 'Pair_Cured Meat'})",frozenset({'Acid_High'}),0.05362462760675273,0.7348560079443893,0.0506454816285998,0.9444444444444444,1.28521021021021,1.0,0.011239101857997001,4.77259185700099,0.23449169804333064,0.06864064602960969,0.7904702455264252,0.5066816816816817
"frozenset({'Pair_Rich Fish', 'Pair_Pork', 'Pair_Soft Cheese'})",frozenset({'Acid_High'}),0.03574975173783516,0.7348560079443893,0.033763654419066536,0.9444444444444444,1.28521021021021,1.0,0.0074927345719979985,4.77259185700099,0.23014478706003508,0.04582210242587601,0.7904702455264252,0.49519519519519517
"frozenset({'Pair_Pasta', 'Pair_Lamb'})",frozenset({'Acid_High'}),0.07646474677259185,0.7348560079443893,0.07149950347567031,0.9350649350649353,1.2724464724464726,1.0,0.015308924913884837,4.083217477656417,0.2318399044205496,0.09664429530201343,0.7550950921737446,0.5161811161811163
"frozenset({'Pair_Pasta', 'Pair_Beef', 'Pair_Lamb'})",frozenset({'Acid_High'}),0.07646474677259185,0.7348560079443893,0.07149950347567031,0.9350649350649353,1.2724464724464726,1.0,0.015308924913884837,4.083217477656417,0.2318399044205496,0.09664429530201343,0.7550950921737446,0.5161811161811163
"frozenset({'Pair_Pasta', 'Pair_Veal', 'Pair_Poultry'})",frozenset({'Acid_High'}),0.029791459781529295,0.7348560079443893,0.027805362462760674,0.9333333333333332,1.2700900900900898,1.0,0.005912929256870227,3.9771598808341544,0.21918409124140945,0.037735849056603765,0.7485642946317099,0.4855855855855855
"frozenset({'Pair_Pasta', 'Pair_Poultry'})",frozenset({'Acid_High'}),0.05759682224428997,0.7348560079443893,0.05362462760675273,0.9310344827586208,1.2669617893755825,1.0,0.011299256742031201,3.8445878848063595,0.223588182492292,0.07258064516129031,0.739894097894873,0.5020037278657968
"frozenset({'Pair_Cured Meat', 'Pair_Shellfish'})",frozenset({'Acid_High'}),0.07547169811320754,0.7348560079443893,0.06951340615690169,0.9210526315789473,1.2533783783783783,1.0,0.01405257536864589,3.358490566037734,0.2186588921282798,0.0938337801608579,0.7022471910112358,0.5078236130867709
"frozenset({'Pair_Pork', 'Pair_Soft Cheese', 'Pair_Shellfish'})",frozenset({'Acid_High'}),0.03773584905660377,0.7348560079443893,0.03475670307845084,0.9210526315789473,1.2533783783783783,1.0,0.007026287684322945,3.358490566037734,0.21008403361344533,0.04710632570659488,0.7022471910112358,0.4841749644381223
"frozenset({'Pair_Pork', 'Pair_Spicy Food', 'Pair_Shellfish'})",frozenset({'Acid_High'}),0.047666335650446874,0.7348560079443893,0.04369414101290963,0.9166666666666666,1.2474099099099099,1.0,0.008666247883484912,3.181727904667327,0.208266186368376,0.05913978494623655,0.6857053682896378,0.488063063063063
"frozenset({'Pair_Pork', 'Pair_Shellfish'})",frozenset({'Acid_High'}),0.11519364448857994,0.7348560079443893,0.10526315789473684,0.9137931034482758,1.2434995340167752,1.0,0.020612416165293773,3.0756703078450816,0.22131164898460484,0.1413333333333333,0.6748676223685907,0.5285181733457596
"frozenset({'Pair_Beef', 'Pair_Veal', 'Pair_Game Meat', 'Pair_Poultry'})",frozenset({'Acid_High'}),0.06454816285998013,0.7348560079443893,0.05858987090367428,0.9076923076923078,1.2351975051975053,1.0,0.011156265624244988,2.872393247269119,0.20355176508690498,0.07908847184986595,0.6518582541054454,0.49371101871101875
"frozenset({'Pair_Pasta', 'Pair_Beef'})",frozenset({'Acid_High'}),0.09632571996027806,0.7348560079443893,0.08738828202581926,0.9072164948453607,1.234550013931457,1.0,0.01660274799344015,2.857663025488245,0.21023976023976013,0.11748998664886515,0.650063709023514,0.5130677068821398
"frozenset({'Pair_Pork', 'Pair_Spicy Food', 'Pair_Shellfish', 'Pair_Poultry'})",frozenset({'Acid_High'}),0.039721946375372394,0.7348560079443893,0.03574975173783516,0.9,1.2247297297297297,1.0,0.006559840796647894,2.651439920556107,0.19108353441342066,0.04838709677419355,0.6228464419475656,0.47432432432432436
"frozenset({'Pair_Snack', 'Pair_Vegetarian'})",frozenset({'Acid_High'}),0.038728897715988087,0.7348560079443893,0.03475670307845084,0.8974358974358974,1.221240471240471,1.0,0.0062965399107932606,2.585153922542202,0.18845926800472243,0.047043010752688165,0.6131758378949387,0.4723665973665973
"frozenset({'Pair_Snack', 'Pair_Aperitif', 'Pair_Vegetarian'})",frozenset({'Acid_High'}),0.038728897715988087,0.7348560079443893,0.03475670307845084,0.8974358974358974,1.221240471240471,1.0,0.0062965399107932606,2.585153922542202,0.18845926800472243,0.047043010752688165,0.6131758378949387,0.4723665973665973
"frozenset({'Pair_Rich Fish', 'Pair_Pork', 'Pair_Shellfish'})",frozenset({'Acid_High'}),0.05759682224428997,0.7348560079443893,0.05163853028798411,0.896551724137931,1.2200372786579683,1.0,0.00931315942326258,2.5630585898709035,0.19137553700251267,0.06970509383378017,0.6098411468423092,0.48341099720410063
"frozenset({'Pair_Pasta', 'Pair_Veal'})",frozenset({'Acid_High'}),0.036742800397219465,0.7348560079443893,0.03277060575968222,0.8918918918918918,1.2136961285609933,1.0,0.0057699381390840035,2.452581926514396,0.18278662917838162,0.044354838709677415,0.5922664237270974,0.4682432432432432
"frozenset({'Pair_Shellfish', 'Pair_Aperitif', 'Pair_Vegetarian'})",frozenset({'Acid_High'}),0.026812313803376366,0.7348560079443893,0.023833167825223437,0.888888888888889,1.2096096096096096,1.0,0.004129977939922036,2.3862959285004974,0.17806122448979592,0.03230148048452221,0.5809404910528507,0.4606606606606607
"frozenset({'Pair_Aperitif', 'Pair_Vegetarian'})",frozenset({'Acid_High'}),0.044687189672293945,0.7348560079443893,0.039721946375372394,0.8888888888888888,1.2096096096096094,1.0,0.006883296566536724,2.386295928500495,0.18139293139293136,0.053691275167785234,0.5809404910528504,0.47147147147147145
"frozenset({'Pair_Shellfish', 'Pair_Vegetarian'})",frozenset({'Acid_High'}),0.08639523336643495,0.7348560079443893,0.07646474677259185,0.8850574712643677,1.2043957750854302,1.0,0.012976690475509561,2.306752730883811,0.1857566346696781,0.10266666666666666,0.566490163158121,0.49455576265921086
"frozenset({'Pair_Lean Fish', 'Pair_Vegetarian'})",frozenset({'Acid_High'}),0.025819265143992055,0.7348560079443893,0.022840119165839126,0.8846153846153846,1.2037941787941786,1.0,0.0038666770540674057,2.297914597815292,0.17378008243584622,0.030955585464333784,0.5648228176318062,0.45784823284823284
"frozenset({'Pair_Spicy Food', 'Pair_Shellfish', 'Pair_Poultry'})",frozenset({'Acid_High'}),0.041708043694141016,0.7348560079443893,0.036742800397219465,0.8809523809523809,1.1988095238095238,1.0,0.006093393908972837,2.2272095332671293,0.17305699481865275,0.04966442953020134,0.5510076689851969,0.4654761904761905
"frozenset({'Pair_Lean Fish', 'Pair_Aperitif'})",frozenset({'Acid_High'}),0.0407149950347567,0.7348560079443893,0.03574975173783516,0.878048780487805,1.1948582729070534,1.0,0.005830093023118214,2.1741807348560096,0.1700023004370831,0.04832214765100671,0.5400566365214218,0.4633487145682268
"frozenset({'Pair_Rich Fish', 'Pair_Soft Cheese', 'Pair_Shellfish'})",frozenset({'Acid_High'}),0.04865938430983118,0.7348560079443893,0.04270109235352532,0.8775510204081632,1.194180915609487,1.0,0.006943451450570924,2.165342601787487,0.1709229499441665,0.057640750670241284,0.5381793166704882,0.46782956425813566
"frozenset({'Pair_Cured Meat', 'Pair_Lean Fish'})",frozenset({'Acid_High'}),0.031777557100297914,0.7348560079443893,0.027805362462760674,0.875,1.1907094594594594,1.0,0.004453433709810866,2.1211519364448854,0.1654212454212454,0.03763440860215053,0.5285580524344569,0.4564189189189189
"frozenset({'Pair_Beef', 'Pair_Veal', 'Pair_Game Meat'})",frozenset({'Acid_High'}),0.07149950347567031,0.7348560079443893,0.06256206554121152,0.8749999999999999,1.1907094594594592,1.0,0.010020225847074446,2.1211519364448836,0.17249809014514889,0.08411214953271026,0.5285580524344564,0.4800675675675675
frozenset({'Pair_Shellfish'}),frozenset({'Acid_High'}),0.2542204568023833,0.7348560079443893,0.22045680238331677,0.8671875,1.1800781249999999,1.0,0.03364137235971831,1.9963782931245981,0.2046160674656014,0.28682170542635654,0.49909293071161037,0.58359375
"frozenset({'Pair_Lean Fish', 'Pair_Shellfish'})",frozenset({'Acid_High'}),0.05163853028798411,0.7348560079443893,0.044687189672293945,0.8653846153846154,1.1776247401247402,1.0,0.006740305448750504,1.9696410838416798,0.1590459569517161,0.06024096385542168,0.4922932872371075,0.46309771309771314
frozenset({'Pair_Pasta'}),frozenset({'Acid_High'}),0.15690168818272096,0.7348560079443893,0.13505461767626614,0.8607594936708861,1.1713308244953815,1.0,0.01975446945857645,1.9042159429448409,0.17349130464906803,0.1784776902887139,0.47484947612952166,0.522271638727335
"frozenset({'Pair_Snack', 'Pair_Aperitif'})",frozenset({'Acid_High'}),0.08341608738828203,0.7348560079443893,0.07149950347567031,0.8571428571428572,1.1664092664092665,1.0,0.01020069049917706,1.8560079443892756,0.15565185987721192,0.09574468085106384,0.46120920278223665,0.47722007722007725
"frozenset({'Pair_Shellfish', 'Pair_Poultry'})",frozenset({'Acid_High'}),0.06752730883813307,0.7348560079443893,0.05759682224428997,0.8529411764705882,1.160691573926868,1.0,0.007973973644271624,1.8029791459781521,0.14847049318791078,0.07733333333333332,0.44536241462877263,0.4656597774244833
"frozenset({'Pair_Pork', 'Pair_Shellfish', 'Pair_Poultry'})",frozenset({'Acid_High'}),0.05362462760675273,0.7348560079443893,0.04568023833167825,0.8518518518518519,1.1592092092092092,1.0,0.00627385856107545,1.7897219463753722,0.14512523381541126,0.06149732620320855,0.4412539880704674,0.457007007007007
"frozenset({'Pair_Rich Fish', 'Pair_Soft Cheese'})",frozenset({'Acid_High'}),0.05263157894736842,0.7348560079443893,0.044687189672293945,0.849056603773585,1.1554054054054055,1.0,0.006010557675220823,1.7565789473684223,0.1419753086419753,0.060160427807486636,0.4307116104868918,0.45493370729219795
"frozenset({'Pair_Rich Fish', 'Pair_Shellfish'})",frozenset({'Acid_High'}),0.08341608738828203,0.7348560079443893,0.070506454816286,0.8452380952380951,1.1502091377091375,1.0,0.009207641839792738,1.7132381025131753,0.14247783559428054,0.09428950863213811,0.4163099696807557,0.47059202059202054
frozenset({'Pair_Snack'}),frozenset({'Acid_High'}),0.08540218470705065,0.7348560079443893,0.07149950347567031,0.8372093023255814,1.1392834695160277,1.0,0.008741194952117698,1.628741665484466,0.1336711304138014,0.09549071618037136,0.3860290915425486,0.46725329981143937
"frozenset({'Pair_Soft Cheese', 'Pair_Shellfish'})",frozenset({'Acid_High'}),0.05461767626613704,0.7348560079443893,0.04568023833167825,0.8363636363636364,1.1381326781326782,1.0,0.00554411078754577,1.6203243958953992,0.12837961271465106,0.06141522029372496,0.38283963227783463,0.4492628992628993
frozenset({'Pair_Lean Fish'}),frozenset({'Acid_High'}),0.07845084409136048,0.7348560079443893,0.06554121151936444,0.8354430379746834,1.136879917892576,1.0,0.007891137410519597,1.6112596440302485,0.13064916405433627,0.08764940239043822,0.3793675626985251,0.4623161135819363
"frozenset({'Pair_Snack', 'Pair_Aperitif', 'Pair_Shellfish'})",frozenset({'Acid_High'}),0.05362462760675273,0.7348560079443893,0.044687189672293945,0.8333333333333334,1.134009009009009,1.0,0.005280809901691143,1.5908639523336645,0.12486883525708292,0.06008010680907877,0.3714107365792759,0.4470720720720721
"frozenset({'Pair_Beef', 'Pair_Veal', 'Pair_Poultry'})",frozenset({'Acid_High'}),0.12909632571996027,0.7348560079443893,0.10625620655412116,0.8230769230769232,1.120051975051975,1.0,0.011388995995262566,1.4986399550969305,0.12307249650997994,0.1402359108781127,0.33272832036877,0.48383575883575886
"frozenset({'Pair_Snack', 'Pair_Shellfish'})",frozenset({'Acid_High'}),0.05461767626613704,0.7348560079443893,0.044687189672293945,0.8181818181818182,1.1133906633906634,1.0,0.004551062128161462,1.4582919563058592,0.10772642390289454,0.06,0.3142662580864829,0.43949631449631454
"frozenset({'Pair_Pasta', 'Pair_Lean Fish'})",frozenset({'Acid_High'}),0.026812313803376366,0.7348560079443893,0.021847070506454815,0.8148148148148148,1.1088088088088086,1.0,0.002143880621153414,1.4317775571002973,0.10083487940630792,0.02953020134228188,0.30156748508808406,0.42227227227227226
"frozenset({'Pair_Beef', 'Pair_Veal'})",frozenset({'Acid_High'}),0.15590863952333664,0.7348560079443893,0.12611717974180736,0.8089171974522295,1.100783267343777,1.0,0.011546779297647358,1.387586891757697,0.10846688281611862,0.16493506493506493,0.27932441136477537,0.49026940953692555
frozenset({'Pair_Cured Meat'}),frozenset({'Acid_High'}),0.11420059582919563,0.7348560079443893,0.09235352532274081,0.808695652173913,1.10048178613396,1.0,0.008432531366827437,1.3859799584725103,0.10307874053715216,0.12204724409448818,0.2784888454649078,0.4671856639247943
"frozenset({'Pair_Aperitif', 'Pair_Shellfish'})",frozenset({'Acid_High'}),0.06156901688182721,0.7348560079443893,0.04965243296921549,0.8064516129032258,1.0974280732345247,1.0,0.004408071010375228,1.3699106256206548,0.0946031746031744,0.06648936170212764,0.27002537151141687,0.43700959023539665
"frozenset({'Pair_Spicy Food', 'Pair_Shellfish'})",frozenset({'Acid_High'}),0.05958291956305859,0.7348560079443893,0.047666335650446874,0.8,1.0886486486486486,1.0,0.0038814692386659813,1.3257199602780536,0.08658922914466735,0.06382978723404255,0.2456928838951311,0.43243243243243246
"frozenset({'Pair_Pork', 'Pair_Spicy Food', 'Pair_Poultry'})",frozenset({'Acid_High'}),0.05461767626613704,0.7348560079443893,0.04369414101290963,0.7999999999999999,1.0886486486486484,1.0,0.003558013468777148,1.325719960278053,0.08613445378151255,0.058588548601864174,0.2456928838951307,0.42972972972972967
"frozenset({'Pair_Cured Meat', 'Pair_Poultry'})",frozenset({'Acid_High'}),0.05858987090367428,0.7348560079443893,0.04667328699106256,0.7966101694915253,1.0840357306458999,1.0,0.0036181683528113476,1.3036246276067518,0.08234581201185014,0.06249999999999999,0.2329080175204717,0.4300618415025194
frozenset({'Pair_Aperitif'}),frozenset({'Acid_High'}),0.1012909632571996,0.7348560079443893,0.0804369414101291,0.7941176470588235,1.0806438791732909,1.0,0.006002668510101575,1.2878422471272515,0.0830366277880089,0.1064388961892247,0.22350738048028168,0.45178855325914147
frozenset({'Pair_Vegetarian'}),frozenset({'Acid_High'}),0.17676266137040714,0.7348560079443893,0.1400198609731877,0.7921348314606742,1.077945642271485,1.0,0.01012475728490439,1.2755575834026678,0.08783546783700787,0.18146718146718147,0.21602912090224302,0.49133768600060734
"frozenset({'Pair_Pasta', 'Pair_Cured Meat'})",frozenset({'Acid_High'}),0.029791459781529295,0.7348560079443893,0.022840119165839126,0.7666666666666666,1.0432882882882881,1.0,0.0009476859599486798,1.1363313945240454,0.04276623203239725,0.03078982597054886,0.11997503121098589,0.39887387387387385
"frozenset({'Pair_Veal', 'Pair_Game Meat', 'Pair_Poultry'})",frozenset({'Acid_High'}),0.09533267130089375,0.7348560079443893,0.07249255213505462,0.7604166666666666,1.0347832207207206,1.0,0.0024367658762051853,1.1066879668408096,0.037156218516457784,0.09567496723460026,0.09640293383270881,0.42953265765765763
"frozenset({'Pair_Pork', 'Pair_Soft Cheese'})",frozenset({'Acid_High'}),0.04865938430983118,0.7348560079443893,0.036742800397219465,0.7551020408163266,1.0275510204081633,1.0,0.0009851594942650657,1.0826713008937439,0.028183716075156455,0.04920212765957446,0.07635863334097691,0.4025510204081633
"frozenset({'Pair_Veal', 'Pair_Poultry'})",frozenset({'Acid_High'}),0.16583912611717974,0.7348560079443893,0.12512413108242304,0.7544910179640719,1.0267195339051627,1.0,0.003256252902966217,1.079976748128951,0.031198034769463243,0.1613316261203585,0.07405413891318494,0.46238064411717106
frozenset({'Pair_Veal'}),frozenset({'Acid_High'}),0.1936444885799404,0.7348560079443893,0.14597815292949354,0.7538461538461538,1.0258419958419958,1.0,0.003677337091205657,1.0771474677259183,0.031240575047753138,0.18654822335025378,0.07162201094785343,0.4762474012474012
"frozenset({'Pair_Veal', 'Pair_Game Meat'})",frozenset({'Acid_High'}),0.10228401191658391,0.7348560079443893,0.07646474677259185,0.7475728155339805,1.0173051692469166,1.0,0.0013007260990346575,1.0503781223741495,0.018948971382599634,0.10052219321148824,0.04796189229482506,0.42581343479401723
"frozenset({'Pair_Pork', 'Pair_Spicy Food'})",frozenset({'Acid_High'}),0.07845084409136048,0.7348560079443893,0.05759682224428997,0.7341772151898733,0.9990762914813546,1.0,-5.3251864554876294e-05,0.9974464463044399,-0.0010022643750697456,0.076215505913272,-0.0025600910254591795,0.40627779678412584
"frozenset({'Pair_Beef', 'Pair_Poultry'})",frozenset({'Acid_High'}),0.3872889771598808,0.7348560079443893,0.2830188679245283,0.7307692307692308,0.9944386694386694,1.0,-0.0015827637520474669,0.9848205419208399,-0.009044801352493557,0.3372781065088757,-0.015413425525784999,0.557952182952183
frozenset({'Pair_Pork'}),frozenset({'Acid_High'}),0.26216484607745777,0.7348560079443893,0.18967229394240318,0.7234848484848485,0.9845260032760033,1.0,-0.002981118269432731,0.9588769027764551,-0.020857481923055633,0.23493234932349324,-0.04288673249347416,0.4907964782964783
"frozenset({'Pair_Beef', 'Pair_Game Meat'})",frozenset({'Acid_High'}),0.3138033763654419,0.7348560079443893,0.22641509433962265,0.7215189873417721,0.981850838179952,1.0,-0.004185202095756735,0.95210797147242,-0.026231210443038097,0.27536231884057966,-0.050301047740957054,0.51481354772494
"frozenset({'Pair_Pork', 'Pair_Vegetarian'})",frozenset({'Acid_High'}),0.09235352532274081,0.7348560079443893,0.06653426017874876,0.7204301075268817,0.9803690787561755,1.0,-0.0013322827595116243,0.9483996638912229,-0.021585262586077476,0.08746736292428199,-0.05440779670573083,0.4054853240337111
frozenset({'Pair_Beef'}),frozenset({'Acid_High'}),0.551142005958292,0.7348560079443893,0.394240317775571,0.7153153153153152,0.9734088142196249,1.0,-0.010769696533402262,0.9313602252586322,-0.05736873900139221,0.4420935412026725,-0.07369841751864277,0.6259009009009009
"frozenset({'Pair_Beef', 'Pair_Game Meat', 'Pair_Poultry'})",frozenset({'Acid_High'}),0.22542204568023833,0.7348560079443893,0.1608738828202582,0.7136563876651982,0.9711513275389927,1.0,-0.004778861770979526,0.9259644030249788,-0.03693428654177412,0.2012422360248447,-0.07995512217657465,0.46628765329205857
"frozenset({'Pair_Beef', 'Pair_Lamb'})",frozenset({'Acid_High'}),0.39821251241310823,0.7348560079443893,0.2840119165839126,0.713216957605985,0.9705533463638201,1.0,-0.008616940601489653,0.9245455722982598,-0.04799674821756171,0.3345029239766082,-0.08161244828004918,0.5498517220462358
frozenset({'Pair_Poultry'}),frozenset({'Acid_High'}),0.5779543197616683,0.7348560079443893,0.41112214498510424,0.7113402061855669,0.9679994427417106,1.0,-0.01359105920917042,0.9185345439069367,-0.07263930175194512,0.4559471365638766,-0.08869068303795564,0.6353998328225132
frozenset({'Pair_Rich Fish'}),frozenset({'Acid_High'}),0.16385302879841113,0.7348560079443893,0.11519364448857994,0.703030303030303,0.9566912366912366,1.0,-0.005214738143817524,0.8928318099831788,-0.05135975135975151,0.14702154626108999,-0.12003177845874505,0.42989352989352986
"frozenset({'Pair_Rich Fish', 'Pair_Pork'})",frozenset({'Acid_High'}),0.13306852035749753,0.7348560079443893,0.09334657398212512,0.7014925373134328,0.9545986284792253,1.0,-0.0044396276708522225,0.8882323733862956,-0.05200776304237356,0.1205128205128205,-0.12583151657443173,0.41425978217022985
"frozenset({'Pair_Game Meat', 'Pair_Lamb'})",frozenset({'Acid_High'}),0.22840119165839126,0.7348560079443893,0.15988083416087387,0.7,0.9525675675675674,1.0,-0.007961153750952882,0.8838133068520354,-0.06062176165803122,0.19901112484548822,-0.13146067415730375,0.45878378378378376
"frozenset({'Pair_Beef', 'Pair_Game Meat', 'Pair_Lamb'})",frozenset({'Acid_High'}),0.22840119165839126,0.7348560079443893,0.15988083416087387,0.7,0.9525675675675674,1.0,-0.007961153750952882,0.8838133068520354,-0.06062176165803122,0.19901112484548822,-0.13146067415730375,0.45878378378378376
"frozenset({'Pair_Beef', 'Pair_Lamb', 'Pair_Poultry'})",frozenset({'Acid_High'}),0.2840119165839126,0.7348560079443893,0.19860973187686196,0.6993006993006993,0.9516159516159515,1.0,-0.010098131352626966,0.8817579270686586,-0.06630406630406643,0.24213075060532685,-0.13409811162620183,0.4847854847854848
frozenset({'Pair_Lamb'}),frozenset({'Acid_High'}),0.40615690168818275,0.7348560079443893,0.2840119165839126,0.6992665036674817,0.9515694178285865,1.0,-0.014454922789727154,0.8816576646402013,-0.07893971543358157,0.33140208574739277,-0.13422708167358058,0.5428764950769841
"frozenset({'Pair_Vegetarian', 'Pair_Poultry'})",frozenset({'Acid_High'}),0.08639523336643495,0.7348560079443893,0.05958291956305859,0.6896551724137931,0.9384902143522833,1.0,-0.0039051367340236995,0.8543528632903012,-0.06693711967545636,0.07822685788787484,-0.1704765594730725,0.3853681267474371
"frozenset({'Pair_Pork', 'Pair_Vegetarian', 'Pair_Poultry'})",frozenset({'Acid_High'}),0.07944389275074479,0.7348560079443893,0.05461767626613704,0.6875,0.9355574324324324,1.0,-0.003762145616237486,0.8484607745779542,-0.069616788321168,0.0718954248366013,-0.17860486891385788,0.38091216216216217
"frozenset({'Pair_Lamb', 'Pair_Poultry'})",frozenset({'Acid_High'}),0.2899702085402185,0.7348560079443893,0.19860973187686196,0.684931506849315,0.9320621991854867,1.0,-0.014476617993805063,0.841543974785199,-0.093099949264333,0.24038461538461534,-0.18829203221999932,0.47760088855979266
frozenset({'Pair_Game Meat'}),frozenset({'Acid_High'}),0.3515392254220457,0.7348560079443893,0.24031777557100298,0.6836158192090396,0.9302717972209498,1.0,-0.01801293625850431,0.8380444034614838,-0.1036121888684684,0.28403755868544595,-0.19325419496815432,0.5053214231180333
frozenset({'Pair_Soft Cheese'}),frozenset({'Acid_High'}),0.08440913604766634,0.7348560079443893,0.05759682224428997,0.6823529411764705,0.9285532591414942,1.0,-0.004431738505732967,0.8347125675824778,-0.07752285664999152,0.075619295958279,-0.1980171844018512,0.3803656597774244
"frozenset({'Pair_Pork', 'Pair_Poultry'})",frozenset({'Acid_High'}),0.17378351539225423,0.7348560079443893,0.11817279046673287,0.68,0.9253513513513514,1.0,-0.009533069900961394,0.8285749751737835,-0.08895330112721417,0.14949748743718594,-0.2068913857677903,0.42040540540540544
"frozenset({'Pair_Veal', 'Pair_Lamb'})",frozenset({'Acid_High'}),0.06256206554121152,0.7348560079443893,0.041708043694141016,0.6666666666666667,0.9072072072072073,1.0,-0.004266066038228926,0.7954319761668323,-0.09837631327602683,0.05519053876478318,-0.25717852684144815,0.36171171171171174
"frozenset({'Pair_Beef', 'Pair_Veal', 'Pair_Lamb'})",frozenset({'Acid_High'}),0.06256206554121152,0.7348560079443893,0.041708043694141016,0.6666666666666667,0.9072072072072073,1.0,-0.004266066038228926,0.7954319761668323,-0.09837631327602683,0.05519053876478318,-0.25717852684144815,0.36171171171171174
"frozenset({'Pair_Game Meat', 'Pair_Poultry'})",frozenset({'Acid_High'}),0.2631578947368421,0.7348560079443893,0.17477656405163852,0.6641509433962264,0.9037837837837837,1.0,-0.01860659593372707,0.7894736842105261,-0.1262411347517731,0.21230398069963813,-0.26666666666666705,0.4509943906170321
"frozenset({'Pair_Rich Fish', 'Pair_Vegetarian'})",frozenset({'Acid_High'}),0.07348560079443893,0.7348560079443893,0.04865938430983118,0.6621621621621622,0.9010774287801314,1.0,-0.005341950931365254,0.7848262164846076,-0.10593734110376665,0.06405228758169934,-0.2741674258528193,0.3641891891891892
"frozenset({'Pair_Pasta', 'Pair_Shellfish'})",frozenset({'Acid_High'}),0.031777557100297914,0.7348560079443893,0.020854021847070508,0.6562500000000001,0.8930320945945946,1.0,-0.0024979069058792998,0.7713279768890495,-0.1100921418636995,0.02796271637816245,-0.29646535580524325,0.34231418918918927
"frozenset({'Pair_Rich Fish', 'Pair_Vegetarian', 'Pair_Poultry'})",frozenset({'Acid_High'}),0.06554121151936444,0.7348560079443893,0.04270109235352532,0.6515151515151516,0.8865888615888616,1.0,-0.005462260699433653,0.760847977203057,-0.12040780835615837,0.0563564875491481,-0.3143230053342412,0.35481162981162984
frozenset({'Pair_Sweet Dessert'}),frozenset({'Acid_High'}),0.047666335650446874,0.7348560079443893,0.030784508440913606,0.6458333333333334,0.8788569819819819,1.0,-0.004243384688511112,0.7486418599217244,-0.12643982134461695,0.04095112285336856,-0.3357521847690388,0.34386261261261264
"frozenset({'Pair_Veal', 'Pair_Lamb', 'Pair_Poultry'})",frozenset({'Acid_High'}),0.044687189672293945,0.7348560079443893,0.028798411122144985,0.6444444444444444,0.8769669669669669,1.0,-0.004040238686690685,0.7457174776564048,-0.12805125800906397,0.03835978835978836,-0.3409904286308786,0.3418168168168168
"frozenset({'Pair_Beef', 'Pair_Veal', 'Pair_Lamb', 'Pair_Poultry'})",frozenset({'Acid_High'}),0.044687189672293945,0.7348560079443893,0.028798411122144985,0.6444444444444444,0.8769669669669669,1.0,-0.004040238686690685,0.7457174776564048,-0.12805125800906397,0.03835978835978836,-0.3409904286308786,0.3418168168168168
"frozenset({'Pair_Game Meat', 'Pair_Lamb', 'Pair_Poultry'})",frozenset({'Acid_High'}),0.1529294935451837,0.7348560079443893,0.09831181727904667,0.6428571428571429,0.8748069498069498,1.0,-0.014069339844524284,0.74240317775571,-0.14452863828838874,0.12452830188679245,-0.3469769930444088,0.3883204633204633
"frozenset({'Pair_Beef', 'Pair_Game Meat', 'Pair_Lamb', 'Pair_Poultry'})",frozenset({'Acid_High'}),0.1529294935451837,0.7348560079443893,0.09831181727904667,0.6428571428571429,0.8748069498069498,1.0,-0.014069339844524284,0.74240317775571,-0.14452863828838874,0.12452830188679245,-0.3469769930444088,0.3883204633204633
"frozenset({'Pair_Rich Fish', 'Pair_Pork', 'Pair_Vegetarian'})",frozenset({'Acid_High'}),0.06355511420059583,0.7348560079443893,0.0407149950347567,0.640625,0.8717694256756756,1.0,-0.005988862471142914,0.7377919778938732,-0.13575196709585124,0.053735255570117955,-0.35539559925093656,0.3480152027027027
"frozenset({'Pair_Rich Fish', 'Pair_Pork', 'Pair_Vegetarian', 'Pair_Poultry'})",frozenset({'Acid_High'}),0.0605759682224429,0.7348560079443893,0.038728897715988087,0.639344262295082,0.8700265839610102,1.0,-0.005785716469322487,0.7351719779723751,-0.13720446200977524,0.051181102362204724,-0.36022594707435385,0.34602348249889237
"frozenset({'Pair_Spicy Food', 'Pair_Poultry'})",frozenset({'Acid_High'}),0.0903674280039722,0.7348560079443893,0.05561072492552135,0.6153846153846153,0.8374220374220372,1.0,-0.01079632246567968,0.6893743793445877,-0.17588843904633397,0.07225806451612901,-0.45059060789397926,0.3455301455301455
