,{},"{'Grape': {'Sauvignon Blanc', 'Tempranillo', 'Cabernet Sauvignon', 'Merlot', 'Pinot Noir', 'Shiraz', 'Grenache', 'Chardonnay', 'Malbec'}, 'Type': {'White', 'Red', 'Rosé'}}","{'Grape': {'Sauvignon Blanc', 'Tempranillo', 'Cabernet Sauvignon', 'Merlot', 'Pinot Noir', 'Grenache', 'Chardonnay', 'Shiraz'}, 'Type': {'White', 'Red', 'Rosé'}}","{'Grape': {'Sauvignon Blanc', 'Tempranillo', 'Cabernet Sauvignon', 'Merlot', 'Pinot Noir', 'Grenache', 'Chardonnay', 'Malbec'}, 'Type': {'White', 'Red', 'Rosé'}}","{'Grape': {'Sauvignon Blanc', 'Tempranillo', 'Cabernet Sauvignon', 'Pinot Noir', 'Grenache', 'Chardonnay', 'Malbec', 'Shiraz'}, 'Type': {'White', 'Red', 'Rosé'}}","{'Grape': {'Sauvignon Blanc', 'Merlot', 'Cabernet Sauvignon', 'Pinot Noir', 'Grenache', 'Chardonnay', 'Malbec', 'Shiraz'}, 'Type': {'White', 'Red', 'Rosé'}}","{'Grape': {'Sauvignon Blanc', 'Chardonnay', 'Tempranillo', 'Cabernet Sauvignon', 'Merlot', 'Pinot Noir', 'Grenache'}, 'Type': {'White', 'Red', 'Rosé'}}","{'Grape': {'Sauvignon Blanc', 'Chardonnay', 'Shiraz', 'Tempranillo', 'Cabernet Sauvignon', 'Pinot Noir', 'Grenache'}, 'Type': {'White', 'Red', 'Rosé'}}","{'Grape': {'Sauvignon Blanc', 'Tempranillo', 'Cabernet Sauvignon', 'Merlot', 'Pinot Noir', 'Shiraz', 'Grenache', 'Chardonnay', 'Malbec'}, 'Type': {'White', 'Red'}}","{'Grape': {'Sauvignon Blanc', 'Tempranillo', 'Cabernet Sauvignon', 'Merlot', 'Pinot Noir', 'Chardonnay', 'Malbec', 'Shiraz'}, 'Type': {'White', 'Red', 'Rosé'}}","{'Grape': {'Sauvignon Blanc', 'Tempranillo', 'Merlot', 'Pinot Noir', 'Grenache', 'Chardonnay', 'Malbec', 'Shiraz'}, 'Type': {'White', 'Red', 'Rosé'}}"
0,1,1,1,1,1,0,1,1,1,1,1
1,1,1,1,1,1,1,1,1,1,1,1
2,1,1,1,1,1,1,1,1,1,1,1
3,1,1,1,1,1,1,1,1,1,1,1
4,1,1,1,1,1,1,1,1,1,1,1
5,1,1,1,1,1,1,1,1,1,1,1
6,1,0,0,0,0,0,0,0,0,0,0
7,1,0,0,0,0,0,0,0,0,0,0
8,1,0,0,0,0,0,0,0,0,0,0
9,1,0,0,0,0,0,0,0,0,0,0
10,1,1,1,1,1,1,1,1,1,1,1
11,1,1,1,1,1,1,1,1,1,1,1
12,1,0,0,0,0,0,0,0,0,0,0
13,1,0,0,0,0,0,0,0,0,0,0
14,1,1,1,1,1,1,1,1,1,1,1
15,1,0,0,0,0,0,0,0,0,0,0
16,1,1,1,1,1,1,1,1,1,1,1
17,1,1,1,1,1,1,1,1,1,1,1
18,1,1,1,1,1,1,1,1,0,0,1
19,1,1,1,0,1,1,0,1,1,1,1
20,1,1,1,1,1,1,1,1,1,1,1
21,1,1,1,1,1,1,1,1,1,1,1
22,1,1,1,1,1,1,1,1,1,1,1
23,1,0,0,0,0,0,0,0,0,0,0
24,1,1,1,1,1,1,1,1,1,1,1
25,1,1,1,1,1,1,1,1,1,1,1
26,1,1,1,1,1,1,1,1,1,1,1
27,1,1,1,1,1,1,1,1,0,0,1
28,1,1,1,1,1,1,1,1,0,0,1
29,1,1,1,1,1,0,1,1,1,1,1
30,1,1,1,1,1,1,1,1,1,1,1
31,1,1,1,1,1,1,1,1,1,1,1
32,1,1,1,1,1,0,1,1,1,1,1
33,1,1,1,1,1,1,1,1,1,1,1
34,1,1,1,1,1,1,1,1,1,1,0
35,1,0,0,0,0,0,0,0,0,0,0
36,1,1,1,1,1,1,1,1,1,1,1
37,1,1,1,1,1,1,1,1,0,0,1
38,1,1,1,1,1,0,1,1,1,1,1
39,1,1,1,1,1,1,1,1,0,0,1
40,1,0,0,0,0,0,0,0,0,0,0
41,1,0,0,0,0,0,0,0,0,0,0
42,1,1,1,1,1,1,1,1,0,1,1
43,1,1,1,1,1,1,1,1,1,1,1
44,1,1,1,1,1,1,1,1,1,1,1
45,1,0,0,0,0,0,0,0,0,0,0
46,1,1,1,1,1,1,1,1,0,1,1
47,1,1,1,1,1,1,1,1,1,1,1
48,1,1,0,1,1,1,0,0,1,1,1
49,1,0,0,0,0,0,0,0,0,0,0
50,1,0,0,0,0,0,0,0,0,0,0
51,1,1,1,1,1,1,1,1,0,0,1
52,1,1,1,1,0,1,1,0,1,1,1
53,1,1,1,1,1,1,1,1,1,1,1
54,1,1,1,0,1,1,0,1,1,1,1
55,1,1,1,1,1,1,1,1,1,1,1
56,1,1,1,1,1,1,1,1,1,1,1
57,1,0,0,0,0,0,0,0,0,0,0
58,1,1,1,1,1,1,1,1,1,1,1
59,1,1,1,1,1,1,1,1,1,1,1
60,1,1,1,1,1,1,1,1,1,1,1
61,1,1,1,1,1,1,1,1,1,1,1
62,1,0,0,0,0,0,0,0,0,0,0
63,1,1,1,1,1,1,1,1,1,1,1
64,1,1,1,1,1,1,1,1,1,1,0
65,1,1,1,1,1,1,1,1,1,1,1
66,1,1,1,1,1,1,1,1,1,1,1
67,1,0,0,0,0,0,0,0,0,0,0
68,1,0,0,0,0,0,0,0,0,0,0
69,1,0,0,0,0,0,0,0,0,0,0
70,1,1,1,0,1,1,0,1,1,1,1
71,1,0,0,0,0,0,0,0,0,0,0
72,1,1,1,1,1,1,1,1,1,1,1
73,1,1,1,1,1,1,1,1,1,1,1
74,1,1,1,1,1,1,1,1,1,1,0
75,1,1,1,1,1,1,1,1,1,1,1
76,1,1,1,1,1,1,1,1,1,1,1
77,1,0,0,0,0,0,0,0,0,0,0
78,1,1,1,0,1,1,0,1,1,1,1
79,1,1,1,1,1,0,1,1,1,1,1
80,1,0,0,0,0,0,0,0,0,0,0
81,1,0,0,0,0,0,0,0,0,0,0
82,1,1,1,1,1,1,1,1,1,1,1
83,1,0,0,0,0,0,0,0,0,0,0
84,1,0,0,0,0,0,0,0,0,0,0
85,1,0,0,0,0,0,0,0,0,0,0
86,1,1,1,1,1,1,1,1,0,0,1
87,1,1,1,1,1,1,1,1,1,1,0
88,1,1,1,1,0,1,1,0,1,1,1
89,1,1,1,1,1,1,1,1,1,1,1
90,1,0,0,0,0,0,0,0,0,0,0
91,1,1,1,1,1,1,1,1,1,0,1
92,1,1,1,1,1,1,1,1,1,0,1
93,1,1,1,1,1,1,1,1,0,0,1
94,1,0,0,0,0,0,0,0,0,0,0
95,1,0,0,0,0,0,0,0,0,0,0
96,1,1,1,1,1,1,1,1,1,1,1
97,1,1,1,1,1,1,1,1,1,1,1
98,1,0,0,0,0,0,0,0,0,0,0
99,1,1,1,1,1,1,1,1,1,1,1
100,1,1,1,1,1,1,1,1,1,1,1
101,1,0,0,0,0,0,0,0,0,0,0
102,1,0,0,0,0,0,0,0,0,0,0
103,1,1,1,1,1,1,1,1,1,1,1
104,1,1,1,1,1,1,1,1,1,1,1
105,1,0,0,0,0,0,0,0,0,0,0
106,1,0,0,0,0,0,0,0,0,0,0
107,1,0,0,0,0,0,0,0,0,0,0
108,1,0,0,0,0,0,0,0,0,0,0
109,1,1,1,1,1,1,1,1,0,0,1
110,1,0,0,0,0,0,0,0,0,0,0
111,1,1,1,1,1,1,1,1,1,1,1
112,1,1,1,1,1,1,1,1,1,1,1
113,1,0,0,0,0,0,0,0,0,0,0
114,1,0,0,0,0,0,0,0,0,0,0
115,1,0,0,0,0,0,0,0,0,0,0
116,1,1,1,1,1,1,1,1,1,0,1
117,1,1,1,1,1,1,1,1,0,1,1
118,1,1,1,1,1,1,1,1,1,1,1
119,1,1,1,1,1,1,1,1,0,0,1
120,1,0,0,0,0,0,0,0,0,0,0
121,1,0,0,0,0,0,0,0,0,0,0
122,1,0,0,0,0,0,0,0,0,0,0
123,1,1,1,1,1,1,1,1,1,1,0
124,1,1,1,1,1,1,1,1,1,1,1
125,1,1,0,1,1,1,0,0,1,1,1
126,1,1,1,1,1,0,1,1,1,1,1
127,1,1,1,1,1,1,1,1,1,1,1
128,1,1,1,1,0,1,1,0,1,1,1
129,1,1,1,1,1,1,1,1,1,1,1
130,1,1,1,1,1,1,1,1,1,1,1
131,1,1,1,1,1,1,1,1,1,1,1
132,1,0,0,0,0,0,0,0,0,0,0
133,1,1,1,1,1,1,1,1,0,0,1
134,1,1,1,1,1,1,1,1,1,1,0
135,1,0,0,0,0,0,0,0,0,0,0
136,1,0,0,0,0,0,0,0,0,0,0
137,1,0,0,0,0,0,0,0,0,0,0
138,1,0,0,0,0,0,0,0,0,0,0
139,1,1,1,1,1,1,1,1,1,1,1
140,1,1,1,1,1,1,1,1,0,1,1
141,1,1,1,1,1,1,1,1,1,1,1
142,1,1,1,1,1,1,1,1,1,1,0
143,1,1,1,1,1,1,1,1,0,0,1
144,1,1,1,1,1,1,1,1,1,1,1
145,1,1,1,1,1,1,1,1,1,1,1
146,1,1,1,1,1,1,1,1,1,1,1
147,1,1,1,1,1,1,1,1,1,1,1
148,1,0,0,0,0,0,0,0,0,0,0
149,1,0,0,0,0,0,0,0,0,0,0
150,1,1,1,1,1,1,1,1,1,1,1
151,1,1,1,1,1,1,1,1,1,1,1
152,1,1,1,1,1,1,1,1,1,1,1
153,1,1,1,1,1,1,1,1,1,1,1
154,1,0,0,0,0,0,0,0,0,0,0
155,1,1,1,1,1,1,1,1,1,1,1
156,1,0,0,0,0,0,0,0,0,0,0
157,1,0,0,0,0,0,0,0,0,0,0
158,1,1,1,1,1,1,1,1,0,0,1
159,1,0,0,0,0,0,0,0,0,0,0
160,1,0,0,0,0,0,0,0,0,0,0
161,1,0,0,0,0,0,0,0,0,0,0
162,1,1,1,0,1,1,0,1,1,1,1
163,1,0,0,0,0,0,0,0,0,0,0
164,1,0,0,0,0,0,0,0,0,0,0
165,1,0,0,0,0,0,0,0,0,0,0
166,1,0,0,0,0,0,0,0,0,0,0
167,1,1,0,1,1,1,0,0,1,1,1
168,1,1,1,1,1,1,1,1,1,1,0
169,1,0,0,0,0,0,0,0,0,0,0
170,1,1,1,1,1,1,1,1,1,1,0
171,1,1,1,0,1,1,0,1,1,1,1
172,1,0,0,0,0,0,0,0,0,0,0
173,1,0,0,0,0,0,0,0,0,0,0
174,1,0,0,0,0,0,0,0,0,0,0
175,1,1,1,1,1,1,1,1,1,0,1
176,1,1,1,1,1,1,1,1,1,0,1
177,1,1,1,1,1,1,1,1,1,0,1
178,1,1,1,1,1,1,1,1,1,1,1
179,1,0,0,0,0,0,0,0,0,0,0
180,1,0,0,0,0,0,0,0,0,0,0
181,1,1,1,1,1,1,1,1,1,0,1
182,1,1,1,1,1,1,1,1,1,0,1
183,1,0,0,0,0,0,0,0,0,0,0
184,1,0,0,0,0,0,0,0,0,0,0
185,1,0,0,0,0,0,0,0,0,0,0
186,1,0,0,0,0,0,0,0,0,0,0
187,1,0,0,0,0,0,0,0,0,0,0
188,1,0,0,0,0,0,0,0,0,0,0
189,1,0,0,0,0,0,0,0,0,0,0
190,1,1,1,1,1,1,1,1,1,1,1
191,1,1,1,1,1,1,1,1,1,1,1
192,1,0,0,0,0,0,0,0,0,0,0
193,1,0,0,0,0,0,0,0,0,0,0
194,1,1,1,1,1,0,1,1,1,1,1
195,1,1,1,1,1,1,1,1,0,1,1
196,1,1,1,1,1,1,1,1,1,1,1
197,1,1,1,1,1,1,1,1,1,1,1
198,1,1,1,1,1,1,1,1,0,1,1
199,1,1,1,1,0,1,1,0,0,1,1
200,1,0,0,0,0,0,0,0,0,0,0
201,1,1,0,1,1,1,0,0,1,1,1
202,1,1,1,1,1,1,1,1,0,0,1
203,1,1,1,1,1,1,1,1,0,0,1
204,1,1,1,1,1,1,1,1,1,1,0
205,1,0,0,0,0,0,0,0,0,0,0
206,1,0,0,0,0,0,0,0,0,0,0
207,1,1,1,1,1,0,1,1,1,1,1
208,1,0,0,0,0,0,0,0,0,0,0
209,1,1,1,0,1,1,0,1,1,1,1
210,1,1,1,1,1,1,1,1,0,0,1
211,1,1,1,1,1,1,1,1,1,1,1
212,1,1,1,1,1,1,1,1,1,1,0
213,1,1,1,1,0,1,1,0,0,1,1
214,1,0,0,0,0,0,0,0,0,0,0
215,1,0,0,0,0,0,0,0,0,0,0
216,1,1,1,1,1,1,1,1,0,1,1
217,1,0,0,0,0,0,0,0,0,0,0
218,1,1,1,1,1,1,1,1,0,0,1
219,1,1,1,1,1,1,1,1,0,0,1
220,1,1,1,1,1,1,1,1,0,0,1
221,1,1,1,1,1,0,1,1,0,1,1
222,1,1,1,1,1,1,1,1,0,0,1
223,1,0,0,0,0,0,0,0,0,0,0
224,1,1,1,1,0,1,1,0,1,1,1
225,1,0,0,0,0,0,0,0,0,0,0
226,1,1,1,1,1,1,1,1,0,1,1
227,1,1,1,1,1,1,1,1,1,1,1
228,1,1,1,1,1,1,1,1,1,1,1
229,1,0,0,0,0,0,0,0,0,0,0
230,1,0,0,0,0,0,0,0,0,0,0
231,1,1,1,1,1,1,1,1,1,1,0
232,1,1,1,1,0,1,1,0,1,1,1
233,1,0,0,0,0,0,0,0,0,0,0
234,1,0,0,0,0,0,0,0,0,0,0
235,1,1,1,1,1,1,1,1,1,1,1
236,1,1,0,1,1,1,0,0,1,1,1
237,1,1,1,0,1,1,0,1,1,1,1
238,1,0,0,0,0,0,0,0,0,0,0
239,1,0,0,0,0,0,0,0,0,0,0
240,1,1,1,1,1,1,1,1,1,1,1
241,1,0,0,0,0,0,0,0,0,0,0
242,1,1,1,1,1,1,1,1,1,1,1
243,1,1,1,1,0,1,1,0,1,1,1
244,1,1,1,1,1,0,1,1,1,1,1
245,1,1,1,1,1,1,1,1,1,1,1
246,1,1,1,1,1,1,1,1,1,0,1
247,1,1,1,1,1,1,1,1,1,1,1
248,1,1,1,1,1,1,1,1,0,1,1
249,1,1,1,1,1,1,1,1,1,1,0
250,1,1,1,1,1,1,1,1,1,1,1
251,1,0,0,0,0,0,0,0,0,0,0
252,1,1,1,1,1,1,1,1,1,1,1
253,1,1,1,1,1,1,1,1,1,1,1
254,1,1,1,1,1,1,1,1,1,1,1
255,1,1,1,1,1,1,1,1,1,1,1
256,1,0,0,0,0,0,0,0,0,0,0
257,1,1,1,1,1,1,1,1,1,1,0
258,1,1,1,1,1,1,1,1,1,1,0
259,1,1,1,1,1,1,1,1,1,1,1
260,1,0,0,0,0,0,0,0,0,0,0
261,1,1,0,1,1,1,0,0,1,1,1
262,1,1,1,1,1,0,1,1,1,1,1
263,1,0,0,0,0,0,0,0,0,0,0
264,1,1,1,1,1,1,1,1,1,1,1
265,1,0,0,0,0,0,0,0,0,0,0
266,1,1,1,1,1,1,1,1,1,1,1
267,1,1,1,0,1,1,0,1,1,1,1
268,1,0,0,0,0,0,0,0,0,0,0
269,1,1,1,1,1,1,1,1,1,1,1
270,1,0,0,0,0,0,0,0,0,0,0
271,1,1,1,1,0,1,1,0,1,1,1
272,1,1,1,1,1,1,1,1,1,1,1
273,1,1,1,1,1,1,1,1,1,1,1
274,1,1,1,1,1,1,1,1,1,1,1
275,1,1,1,1,1,1,1,1,1,1,1
276,1,1,1,1,1,1,1,1,1,1,1
277,1,0,0,0,0,0,0,0,0,0,0
278,1,1,1,1,1,1,1,1,1,1,1
279,1,0,0,0,0,0,0,0,0,0,0
280,1,0,0,0,0,0,0,0,0,0,0
281,1,1,1,1,1,1,1,1,1,1,1
282,1,1,1,1,1,1,1,1,1,1,1
283,1,1,0,1,1,1,0,0,1,1,1
284,1,1,1,1,1,1,1,1,1,1,1
285,1,1,1,1,1,1,1,1,1,1,1
286,1,1,1,1,1,1,1,1,1,0,1
287,1,1,1,1,0,1,1,0,1,1,1
288,1,0,0,0,0,0,0,0,0,0,0
289,1,0,0,0,0,0,0,0,0,0,0
290,1,1,1,1,1,1,1,1,1,1,1
291,1,1,1,1,1,1,1,1,1,1,1
292,1,1,1,1,1,1,1,1,1,0,1
293,1,1,1,1,1,1,1,1,0,1,1
294,1,1,1,1,1,1,1,1,1,1,1
295,1,1,1,1,1,1,1,1,1,1,1
296,1,1,1,1,1,1,1,1,1,1,1
297,1,0,0,0,0,0,0,0,0,0,0
298,1,1,1,1,1,0,1,1,1,1,1
299,1,1,0,1,1,1,0,0,1,1,1
300,1,1,0,1,1,1,0,0,1,1,1
301,1,1,1,1,1,1,1,1,1,1,1
302,1,1,1,1,1,0,1,1,1,1,1
303,1,0,0,0,0,0,0,0,0,0,0
304,1,0,0,0,0,0,0,0,0,0,0
305,1,1,1,1,1,1,1,1,1,1,1
306,1,0,0,0,0,0,0,0,0,0,0
307,1,1,1,1,1,1,1,1,1,1,1
308,1,0,0,0,0,0,0,0,0,0,0
309,1,1,1,1,1,1,1,1,1,1,1
310,1,0,0,0,0,0,0,0,0,0,0
311,1,0,0,0,0,0,0,0,0,0,0
312,1,0,0,0,0,0,0,0,0,0,0
313,1,0,0,0,0,0,0,0,0,0,0
314,1,1,1,1,1,1,1,1,1,1,1
315,1,1,1,1,1,1,1,1,1,1,1
316,1,0,0,0,0,0,0,0,0,0,0
317,1,1,1,1,1,1,1,1,1,1,1
318,1,0,0,0,0,0,0,0,0,0,0
319,1,1,1,1,1,1,1,1,1,1,0
320,1,0,0,0,0,0,0,0,0,0,0
321,1,1,1,1,1,1,1,1,1,1,1
322,1,1,1,1,1,1,1,1,1,1,0
323,1,0,0,0,0,0,0,0,0,0,0
324,1,1,1,1,1,0,1,1,1,1,1
325,1,0,0,0,0,0,0,0,0,0,0
326,1,0,0,0,0,0,0,0,0,0,0
327,1,1,1,1,1,1,1,1,1,1,1
328,1,0,0,0,0,0,0,0,0,0,0
329,1,0,0,0,0,0,0,0,0,0,0
330,1,0,0,0,0,0,0,0,0,0,0
331,1,0,0,0,0,0,0,0,0,0,0
332,1,1,1,1,1,1,1,1,1,1,1
333,1,1,1,1,1,0,1,1,1,1,1
334,1,1,1,1,1,1,1,1,1,1,1
335,1,0,0,0,0,0,0,0,0,0,0
336,1,1,1,1,1,1,1,1,1,1,1
337,1,0,0,0,0,0,0,0,0,0,0
338,1,1,1,1,1,1,1,1,1,1,1
339,1,1,1,1,1,0,1,1,1,1,1
340,1,1,1,1,1,1,1,1,1,1,1
341,1,1,1,1,1,1,1,1,1,1,1
342,1,0,0,0,0,0,0,0,0,0,0
343,1,0,0,0,0,0,0,0,0,0,0
344,1,0,0,0,0,0,0,0,0,0,0
345,1,1,0,1,1,1,0,0,1,1,1
346,1,0,0,0,0,0,0,0,0,0,0
347,1,0,0,0,0,0,0,0,0,0,0
348,1,0,0,0,0,0,0,0,0,0,0
349,1,1,1,1,1,1,1,1,1,1,0
350,1,0,0,0,0,0,0,0,0,0,0
351,1,1,1,1,1,1,1,1,1,1,1
352,1,1,1,1,1,0,1,1,1,1,1
353,1,1,1,1,1,1,1,1,1,1,1
354,1,0,0,0,0,0,0,0,0,0,0
355,1,0,0,0,0,0,0,0,0,0,0
356,1,1,1,1,1,1,1,1,0,1,1
357,1,1,1,1,1,1,1,1,1,1,1
358,1,1,1,0,1,1,0,1,1,1,1
359,1,1,1,1,1,1,1,1,0,1,1
360,1,1,1,1,0,1,1,0,1,1,1
361,1,1,1,1,1,0,1,1,1,1,1
362,1,1,1,1,1,1,1,1,1,1,1
363,1,1,1,1,1,1,1,1,1,1,0
364,1,0,0,0,0,0,0,0,0,0,0
365,1,1,1,1,1,1,1,1,0,1,1
366,1,1,1,1,0,1,1,0,1,1,1
367,1,1,1,1,1,1,1,1,1,1,1
368,1,1,1,1,1,1,1,1,1,1,1
369,1,1,1,1,1,1,1,1,1,1,1
370,1,1,1,1,1,1,1,1,1,1,1
371,1,1,1,1,1,1,1,1,1,1,1
372,1,1,1,1,1,1,1,1,1,1,1
373,1,0,0,0,0,0,0,0,0,0,0
374,1,0,0,0,0,0,0,0,0,0,0
375,1,1,1,1,1,1,1,1,1,1,1
376,1,0,0,0,0,0,0,0,0,0,0
377,1,1,1,1,1,1,1,1,1,1,1
378,1,1,1,1,1,1,1,1,1,0,1
379,1,0,0,0,0,0,0,0,0,0,0
380,1,0,0,0,0,0,0,0,0,0,0
381,1,0,0,0,0,0,0,0,0,0,0
382,1,1,1,1,1,1,1,1,1,1,0
383,1,1,1,1,1,0,1,1,1,1,1
384,1,0,0,0,0,0,0,0,0,0,0
385,1,1,1,1,1,0,1,1,1,1,1
386,1,1,1,1,1,1,1,1,1,1,0
387,1,1,1,1,1,1,1,1,1,1,1
388,1,0,0,0,0,0,0,0,0,0,0
389,1,1,1,0,1,1,0,1,1,1,1
390,1,1,1,1,1,1,1,1,1,1,1
391,1,1,1,1,0,1,1,0,1,1,1
392,1,1,0,1,1,1,0,0,1,1,1
393,1,0,0,0,0,0,0,0,0,0,0
394,1,0,0,0,0,0,0,0,0,0,0
395,1,0,0,0,0,0,0,0,0,0,0
396,1,0,0,0,0,0,0,0,0,0,0
397,1,0,0,0,0,0,0,0,0,0,0
398,1,1,1,1,1,1,1,1,1,1,0
399,1,1,1,1,1,1,1,1,1,1,1
400,1,0,0,0,0,0,0,0,0,0,0
401,1,1,1,1,1,1,1,1,0,0,1
402,1,0,0,0,0,0,0,0,0,0,0
403,1,1,1,1,1,1,1,1,1,1,1
404,1,0,0,0,0,0,0,0,0,0,0
405,1,1,1,1,1,1,1,1,1,0,1
406,1,1,1,1,1,1,1,1,1,1,1
407,1,1,1,1,1,1,1,1,1,1,1
408,1,1,1,1,1,1,1,1,1,1,1
409,1,1,1,1,1,1,1,1,1,1,1
410,1,0,0,0,0,0,0,0,0,0,0
411,1,0,0,0,0,0,0,0,0,0,0
412,1,1,1,1,1,1,1,1,1,1,0
413,1,0,0,0,0,0,0,0,0,0,0
414,1,0,0,0,0,0,0,0,0,0,0
415,1,0,0,0,0,0,0,0,0,0,0
416,1,0,0,0,0,0,0,0,0,0,0
417,1,0,0,0,0,0,0,0,0,0,0
418,1,1,1,0,1,1,0,1,1,1,1
419,1,0,0,0,0,0,0,0,0,0,0
420,1,1,1,1,1,1,1,1,1,1,1
421,1,1,1,1,1,1,1,1,1,1,1
422,1,1,1,1,1,1,1,1,1,1,0
423,1,1,0,1,1,1,0,0,1,1,1
424,1,0,0,0,0,0,0,0,0,0,0
425,1,1,1,1,0,1,1,0,1,1,1
426,1,0,0,0,0,0,0,0,0,0,0
427,1,0,0,0,0,0,0,0,0,0,0
428,1,0,0,0,0,0,0,0,0,0,0
429,1,1,1,1,1,1,1,1,1,1,1
430,1,0,0,0,0,0,0,0,0,0,0
431,1,0,0,0,0,0,0,0,0,0,0
432,1,1,1,1,1,1,1,1,1,0,1
433,1,1,0,1,1,1,0,0,1,1,1
434,1,0,0,0,0,0,0,0,0,0,0
435,1,1,1,1,1,1,1,1,1,1,1
436,1,1,1,1,0,1,1,0,1,1,1
437,1,0,0,0,0,0,0,0,0,0,0
438,1,1,1,1,1,0,1,1,1,1,1
439,1,1,1,1,0,1,1,0,1,1,1
440,1,1,1,1,1,1,1,1,1,1,1
441,1,0,0,0,0,0,0,0,0,0,0
442,1,1,1,1,1,1,1,1,1,1,1
443,1,0,0,0,0,0,0,0,0,0,0
444,1,0,0,0,0,0,0,0,0,0,0
445,1,1,1,1,1,1,1,1,1,1,1
446,1,1,1,1,1,1,1,1,1,1,1
447,1,1,1,1,1,1,1,1,1,1,0
448,1,0,0,0,0,0,0,0,0,0,0
449,1,1,1,0,1,1,0,1,1,1,1
450,1,0,0,0,0,0,0,0,0,0,0
451,1,0,0,0,0,0,0,0,0,0,0
452,1,1,1,1,1,1,1,1,1,1,1
453,1,0,0,0,0,0,0,0,0,0,0
454,1,0,0,0,0,0,0,0,0,0,0
455,1,1,1,1,1,0,1,1,1,1,1
456,1,1,0,1,1,1,0,0,1,1,1
457,1,0,0,0,0,0,0,0,0,0,0
458,1,0,0,0,0,0,0,0,0,0,0
459,1,1,1,0,1,1,0,1,1,1,1
460,1,0,0,0,0,0,0,0,0,0,0
461,1,0,0,0,0,0,0,0,0,0,0
462,1,0,0,0,0,0,0,0,0,0,0
463,1,0,0,0,0,0,0,0,0,0,0
464,1,1,1,0,1,1,0,1,1,1,1
465,1,1,1,1,1,1,1,1,1,1,0
466,1,1,1,1,1,0,1,1,1,1,1
467,1,1,1,1,1,1,1,1,1,1,0
468,1,1,1,1,1,1,1,1,1,1,1
469,1,1,0,1,1,1,0,0,1,1,1
470,1,1,1,1,1,1,1,1,1,1,0
471,1,0,0,0,0,0,0,0,0,0,0
472,1,0,0,0,0,0,0,0,0,0,0
473,1,1,1,1,1,0,1,1,1,1,1
474,1,0,0,0,0,0,0,0,0,0,0
475,1,0,0,0,0,0,0,0,0,0,0
476,1,0,0,0,0,0,0,0,0,0,0
477,1,1,0,1,1,1,0,0,1,1,1
478,1,1,1,1,0,1,1,0,1,1,1
479,1,1,1,1,1,1,1,1,1,1,0
480,1,1,1,1,1,0,1,1,1,1,1
481,1,1,1,1,1,1,1,1,1,1,1
482,1,1,1,1,1,1,1,1,1,1,1
483,1,0,0,0,0,0,0,0,0,0,0
484,1,0,0,0,0,0,0,0,0,0,0
485,1,0,0,0,0,0,0,0,0,0,0
486,1,0,0,0,0,0,0,0,0,0,0
487,1,1,1,1,1,1,1,1,1,0,1
488,1,1,1,1,1,0,1,1,1,1,1
489,1,0,0,0,0,0,0,0,0,0,0
490,1,0,0,0,0,0,0,0,0,0,0
491,1,1,0,1,1,1,0,0,1,1,1
492,1,1,1,0,1,1,0,1,1,1,1
493,1,1,1,0,1,1,0,1,1,1,1
494,1,1,1,0,1,1,0,1,1,1,1
495,1,0,0,0,0,0,0,0,0,0,0
496,1,0,0,0,0,0,0,0,0,0,0
497,1,1,1,1,1,1,1,1,1,1,0
498,1,1,1,1,1,1,1,1,1,1,1
499,1,0,0,0,0,0,0,0,0,0,0
500,1,1,1,1,1,1,1,1,1,1,1
501,1,0,0,0,0,0,0,0,0,0,0
502,1,1,1,1,1,1,1,1,1,1,1
503,1,0,0,0,0,0,0,0,0,0,0
504,1,1,1,1,1,1,1,1,1,1,0
505,1,1,1,1,0,1,1,0,1,1,1
506,1,1,1,1,1,1,1,1,1,1,1
507,1,1,1,1,1,1,1,1,1,1,1
508,1,1,1,1,1,1,1,1,1,1,1
509,1,1,1,1,1,1,1,1,1,1,0
510,1,1,1,1,1,1,1,1,0,0,1
511,1,0,0,0,0,0,0,0,0,0,0
512,1,1,1,1,1,1,1,1,1,1,1
513,1,0,0,0,0,0,0,0,0,0,0
514,1,1,1,1,1,1,1,1,1,1,0
515,1,0,0,0,0,0,0,0,0,0,0
516,1,1,1,1,1,1,1,1,1,1,1
517,1,1,1,1,1,1,1,1,1,1,1
518,1,1,1,1,1,0,1,1,1,1,1
519,1,0,0,0,0,0,0,0,0,0,0
520,1,0,0,0,0,0,0,0,0,0,0
521,1,1,1,1,1,1,1,1,0,0,1
522,1,1,1,1,0,1,1,0,1,1,1
523,1,1,1,1,1,1,1,1,0,0,1
524,1,1,1,1,1,1,1,1,0,0,1
525,1,0,0,0,0,0,0,0,0,0,0
526,1,1,1,1,1,1,1,1,0,0,1
527,1,0,0,0,0,0,0,0,0,0,0
528,1,1,1,0,1,1,0,1,1,1,1
529,1,1,1,1,1,1,1,1,1,1,1
530,1,0,0,0,0,0,0,0,0,0,0
531,1,1,1,1,0,1,1,0,1,1,1
532,1,1,1,1,1,1,1,1,1,1,1
533,1,0,0,0,0,0,0,0,0,0,0
534,1,0,0,0,0,0,0,0,0,0,0
535,1,1,1,1,1,1,1,1,1,1,1
536,1,1,1,1,1,1,1,1,1,1,1
537,1,0,0,0,0,0,0,0,0,0,0
538,1,0,0,0,0,0,0,0,0,0,0
539,1,0,0,0,0,0,0,0,0,0,0
540,1,0,0,0,0,0,0,0,0,0,0
541,1,0,0,0,0,0,0,0,0,0,0
542,1,1,0,1,1,1,0,0,1,1,1
543,1,1,1,1,1,1,1,1,1,1,1
544,1,1,1,1,1,0,1,1,1,1,1
545,1,1,1,1,1,0,1,1,1,1,1
546,1,0,0,0,0,0,0,0,0,0,0
547,1,0,0,0,0,0,0,0,0,0,0
548,1,1,1,1,1,0,1,1,1,1,1
549,1,0,0,0,0,0,0,0,0,0,0
550,1,0,0,0,0,0,0,0,0,0,0
551,1,0,0,0,0,0,0,0,0,0,0
552,1,0,0,0,0,0,0,0,0,0,0
553,1,0,0,0,0,0,0,0,0,0,0
554,1,0,0,0,0,0,0,0,0,0,0
555,1,1,1,1,1,1,1,1,1,1,1
556,1,1,1,1,1,1,1,1,1,1,0
557,1,1,0,1,1,1,0,0,1,1,1
558,1,1,0,1,1,1,0,0,1,1,1
559,1,1,1,1,1,1,1,1,1,1,1
560,1,0,0,0,0,0,0,0,0,0,0
561,1,1,1,1,1,1,1,1,1,1,1
562,1,1,1,1,1,1,1,1,1,1,1
563,1,0,0,0,0,0,0,0,0,0,0
564,1,1,1,1,0,1,1,0,1,1,1
565,1,1,1,1,0,1,1,0,1,1,1
566,1,1,1,1,1,1,1,1,1,1,0
567,1,1,1,1,1,1,1,1,1,0,1
568,1,1,1,1,0,1,1,0,1,1,1
569,1,1,1,1,1,1,1,1,1,0,1
570,1,1,1,1,1,1,1,1,1,1,0
571,1,1,1,1,1,1,1,1,1,1,1
572,1,1,1,1,1,1,1,1,1,1,1
573,1,1,1,1,1,1,1,1,1,1,1
574,1,1,1,1,1,1,1,1,1,1,1
575,1,0,0,0,0,0,0,0,0,0,0
576,1,0,0,0,0,0,0,0,0,0,0
577,1,1,1,1,1,1,1,1,1,0,1
578,1,1,1,1,1,1,1,1,1,0,1
579,1,1,1,1,1,0,1,1,1,1,1
580,1,0,0,0,0,0,0,0,0,0,0
581,1,1,1,0,1,1,0,1,1,1,1
582,1,1,1,1,1,1,1,1,1,1,1
583,1,1,1,1,1,1,1,1,1,1,0
584,1,0,0,0,0,0,0,0,0,0,0
585,1,0,0,0,0,0,0,0,0,0,0
586,1,1,1,1,0,1,1,0,1,1,1
587,1,1,1,1,1,1,1,1,1,1,1
588,1,1,1,1,1,1,1,1,1,1,1
589,1,1,1,1,1,1,1,1,1,1,1
590,1,1,1,1,1,1,1,1,1,1,1
591,1,1,1,1,1,1,1,1,1,1,1
592,1,0,0,0,0,0,0,0,0,0,0
593,1,0,0,0,0,0,0,0,0,0,0
594,1,1,1,1,1,1,1,1,1,1,0
595,1,1,1,1,1,1,1,1,1,1,1
596,1,1,1,1,1,1,1,1,1,1,1
597,1,1,1,1,1,1,1,1,1,1,1
598,1,0,0,0,0,0,0,0,0,0,0
599,1,1,1,1,1,1,1,1,1,1,1
600,1,1,1,1,1,1,1,1,1,1,1
601,1,1,1,1,1,1,1,1,1,1,1
602,1,0,0,0,0,0,0,0,0,0,0
603,1,0,0,0,0,0,0,0,0,0,0
604,1,1,1,1,1,1,1,1,1,1,0
605,1,1,1,1,1,1,1,1,1,0,1
606,1,0,0,0,0,0,0,0,0,0,0
607,1,1,1,1,1,1,1,1,1,0,1
608,1,0,0,0,0,0,0,0,0,0,0
609,1,1,1,1,1,1,1,1,1,1,1
610,1,1,1,1,1,1,1,1,1,1,1
611,1,1,1,1,1,0,1,1,1,1,1
612,1,1,1,1,1,1,1,1,1,1,0
613,1,1,0,1,1,1,0,0,1,1,1
614,1,1,1,1,1,1,1,1,1,1,1
615,1,1,1,1,1,1,1,1,1,1,1
616,1,1,1,1,1,1,1,1,1,1,1
617,1,1,1,1,1,1,1,1,1,1,1
618,1,1,1,1,1,1,1,1,1,1,1
619,1,1,0,1,1,1,0,0,1,1,1
620,1,0,0,0,0,0,0,0,0,0,0
621,1,0,0,0,0,0,0,0,0,0,0
622,1,1,1,0,1,1,0,1,1,1,1
623,1,1,1,1,1,1,1,1,1,1,0
624,1,1,1,1,1,1,1,1,1,1,1
625,1,0,0,0,0,0,0,0,0,0,0
626,1,0,0,0,0,0,0,0,0,0,0
627,1,1,1,1,1,1,1,1,1,1,1
628,1,1,1,1,1,1,1,1,1,1,1
629,1,1,1,1,1,1,1,1,1,0,1
630,1,0,0,0,0,0,0,0,0,0,0
631,1,1,1,1,1,1,1,1,1,1,1
632,1,1,1,1,1,1,1,1,1,1,1
633,1,1,1,1,1,1,1,1,0,0,1
634,1,1,1,1,0,1,1,0,1,1,1
635,1,0,0,0,0,0,0,0,0,0,0
636,1,1,1,1,1,1,1,1,1,1,1
637,1,1,1,0,1,1,0,1,1,1,1
638,1,0,0,0,0,0,0,0,0,0,0
639,1,1,1,1,1,1,1,1,1,1,1
640,1,1,1,1,1,1,1,1,1,1,1
641,1,0,0,0,0,0,0,0,0,0,0
642,1,1,1,1,1,1,1,1,1,1,1
643,1,0,0,0,0,0,0,0,0,0,0
644,1,0,0,0,0,0,0,0,0,0,0
645,1,0,0,0,0,0,0,0,0,0,0
646,1,0,0,0,0,0,0,0,0,0,0
647,1,0,0,0,0,0,0,0,0,0,0
648,1,1,1,1,1,1,1,1,1,1,1
649,1,0,0,0,0,0,0,0,0,0,0
650,1,1,1,1,1,1,1,1,1,0,1
651,1,1,1,1,1,1,1,1,1,1,1
652,1,1,1,1,1,1,1,1,1,0,1
653,1,1,1,1,1,1,1,1,1,0,1
654,1,1,1,1,1,1,1,1,0,0,1
655,1,0,0,0,0,0,0,0,0,0,0
656,1,0,0,0,0,0,0,0,0,0,0
657,1,1,1,1,1,1,1,1,1,1,1
658,1,0,0,0,0,0,0,0,0,0,0
659,1,1,1,1,1,1,1,1,1,1,1
660,1,0,0,0,0,0,0,0,0,0,0
661,1,0,0,0,0,0,0,0,0,0,0
662,1,1,1,1,1,1,1,1,1,1,1
663,1,0,0,0,0,0,0,0,0,0,0
664,1,1,1,1,1,1,1,1,1,1,0
665,1,1,1,1,1,1,1,1,1,1,1
666,1,0,0,0,0,0,0,0,0,0,0
667,1,1,1,0,1,1,0,1,1,1,1
668,1,0,0,0,0,0,0,0,0,0,0
669,1,0,0,0,0,0,0,0,0,0,0
670,1,0,0,0,0,0,0,0,0,0,0
671,1,0,0,0,0,0,0,0,0,0,0
672,1,1,1,1,1,1,1,1,1,1,1
673,1,0,0,0,0,0,0,0,0,0,0
674,1,1,1,1,1,1,1,1,1,1,1
675,1,1,1,1,1,1,1,1,1,1,1
676,1,1,1,1,1,1,1,1,1,0,1
677,1,1,1,1,0,1,1,0,1,1,1
678,1,1,1,1,1,1,1,1,1,1,1
679,1,1,1,1,1,1,1,1,1,0,1
680,1,0,0,0,0,0,0,0,0,0,0
681,1,1,1,1,1,1,1,1,1,1,1
682,1,0,0,0,0,0,0,0,0,0,0
683,1,0,0,0,0,0,0,0,0,0,0
684,1,1,1,1,1,1,1,1,1,1,1
685,1,0,0,0,0,0,0,0,0,0,0
686,1,1,1,1,1,1,1,1,1,1,1
687,1,1,1,1,1,1,1,1,1,1,1
688,1,1,1,1,1,1,1,1,1,0,1
689,1,0,0,0,0,0,0,0,0,0,0
690,1,1,1,1,1,1,1,1,1,1,1
691,1,1,1,1,1,1,1,1,1,1,0
692,1,0,0,0,0,0,0,0,0,0,0
693,1,1,1,1,1,1,1,1,1,1,0
694,1,1,1,1,1,1,1,1,1,1,0
695,1,0,0,0,0,0,0,0,0,0,0
696,1,0,0,0,0,0,0,0,0,0,0
697,1,0,0,0,0,0,0,0,0,0,0
698,1,1,1,1,1,1,1,1,1,1,1
699,1,1,1,1,1,1,1,1,1,1,1
700,1,1,1,1,1,1,1,1,1,1,0
701,1,1,1,1,1,1,1,1,1,1,1
702,1,1,1,1,1,1,1,1,1,1,1
703,1,1,1,1,1,1,1,1,1,1,1
704,1,1,1,1,1,1,1,1,1,1,1
705,1,1,1,1,0,1,1,0,1,1,1
706,1,1,1,1,0,1,1,0,1,1,1
707,1,0,0,0,0,0,0,0,0,0,0
708,1,0,0,0,0,0,0,0,0,0,0
709,1,0,0,0,0,0,0,0,0,0,0
710,1,0,0,0,0,0,0,0,0,0,0
711,1,1,1,1,1,1,1,1,1,1,1
712,1,0,0,0,0,0,0,0,0,0,0
713,1,1,1,1,1,1,1,1,1,1,1
714,1,0,0,0,0,0,0,0,0,0,0
715,1,1,1,1,1,1,1,1,1,1,1
716,1,1,1,1,1,1,1,1,1,1,1
717,1,1,1,1,1,1,1,1,1,1,1
718,1,1,1,1,1,1,1,1,1,1,1
719,1,1,1,0,1,1,0,1,1,1,1
720,1,1,1,0,1,1,0,1,1,1,1
721,1,1,1,0,1,1,0,1,1,1,1
722,1,1,1,0,1,1,0,1,1,1,1
723,1,1,1,1,1,1,1,1,1,1,1
724,1,1,1,1,1,1,1,1,1,1,1
725,1,0,0,0,0,0,0,0,0,0,0
726,1,1,1,1,1,1,1,1,1,1,1
727,1,1,1,1,1,1,1,1,1,1,0
728,1,1,1,1,1,1,1,1,1,0,1
729,1,1,1,1,1,1,1,1,1,1,1
730,1,0,0,0,0,0,0,0,0,0,0
731,1,0,0,0,0,0,0,0,0,0,0
732,1,1,0,1,1,1,0,0,1,1,1
733,1,1,0,1,1,1,0,0,1,1,1
734,1,0,0,0,0,0,0,0,0,0,0
735,1,0,0,0,0,0,0,0,0,0,0
736,1,1,1,1,1,1,1,1,1,1,1
737,1,0,0,0,0,0,0,0,0,0,0
738,1,0,0,0,0,0,0,0,0,0,0
739,1,0,0,0,0,0,0,0,0,0,0
740,1,0,0,0,0,0,0,0,0,0,0
741,1,0,0,0,0,0,0,0,0,0,0
742,1,0,0,0,0,0,0,0,0,0,0
743,1,1,1,1,1,1,1,1,1,1,1
744,1,1,1,1,1,1,1,1,1,1,0
745,1,1,1,1,1,1,1,1,1,1,0
746,1,1,1,1,1,1,1,1,1,1,0
747,1,1,0,1,1,1,0,0,1,1,1
748,1,1,1,1,1,1,1,1,1,1,1
749,1,0,0,0,0,0,0,0,0,0,0
750,1,0,0,0,0,0,0,0,0,0,0
751,1,0,0,0,0,0,0,0,0,0,0
752,1,0,0,0,0,0,0,0,0,0,0
753,1,1,1,1,1,1,1,1,1,1,1
754,1,0,0,0,0,0,0,0,0,0,0
755,1,1,1,1,1,1,1,1,1,1,0
756,1,1,1,1,1,1,1,1,1,1,1
757,1,0,0,0,0,0,0,0,0,0,0
758,1,1,0,1,1,1,0,0,1,1,1
759,1,1,1,1,1,1,1,1,0,0,1
760,1,1,1,1,1,1,1,1,0,0,1
761,1,1,1,1,1,1,1,1,1,1,1
762,1,1,1,1,1,1,1,1,1,1,1
763,1,1,1,1,1,1,1,1,1,1,1
764,1,1,1,1,1,1,1,1,0,1,1
765,1,0,0,0,0,0,0,0,0,0,0
766,1,0,0,0,0,0,0,0,0,0,0
767,1,0,0,0,0,0,0,0,0,0,0
768,1,1,1,1,1,1,1,1,0,0,1
769,1,1,1,0,1,1,0,1,1,1,1
770,1,1,1,1,1,1,1,1,0,1,1
771,1,1,1,1,1,1,1,1,1,1,1
772,1,0,0,0,0,0,0,0,0,0,0
773,1,1,1,0,1,1,0,1,1,1,1
774,1,1,1,1,1,1,1,1,1,1,1
775,1,0,0,0,0,0,0,0,0,0,0
776,1,1,1,1,1,1,1,1,1,1,1
777,1,0,0,0,0,0,0,0,0,0,0
778,1,1,1,1,1,1,1,1,0,1,1
779,1,1,1,1,1,1,1,1,0,1,1
780,1,1,1,1,1,1,1,1,1,0,1
781,1,1,1,1,1,1,1,1,1,1,1
782,1,1,1,1,0,1,1,0,1,1,1
783,1,1,1,1,1,1,1,1,1,1,1
784,1,0,0,0,0,0,0,0,0,0,0
785,1,1,1,1,1,1,1,1,1,1,1
786,1,1,1,1,1,1,1,1,1,1,1
787,1,0,0,0,0,0,0,0,0,0,0
788,1,1,1,1,1,1,1,1,1,1,1
789,1,0,0,0,0,0,0,0,0,0,0
790,1,1,1,1,1,1,1,1,1,1,1
791,1,1,1,1,1,1,1,1,1,1,1
792,1,0,0,0,0,0,0,0,0,0,0
793,1,1,1,1,1,1,1,1,1,1,1
794,1,0,0,0,0,0,0,0,0,0,0
795,1,1,1,1,1,1,1,1,1,1,1
796,1,1,1,1,1,1,1,1,1,1,1
797,1,0,0,0,0,0,0,0,0,0,0
798,1,0,0,0,0,0,0,0,0,0,0
799,1,1,1,1,1,1,1,1,1,1,1
800,1,1,0,1,1,1,0,0,1,1,1
801,1,0,0,0,0,0,0,0,0,0,0
802,1,0,0,0,0,0,0,0,0,0,0
803,1,1,1,1,1,1,1,1,1,1,0
804,1,1,1,1,1,1,1,1,1,0,1
805,1,0,0,0,0,0,0,0,0,0,0
806,1,0,0,0,0,0,0,0,0,0,0
807,1,1,1,1,1,1,1,1,1,1,1
808,1,0,0,0,0,0,0,0,0,0,0
809,1,0,0,0,0,0,0,0,0,0,0
810,1,1,1,1,1,1,1,1,1,1,1
811,1,1,1,1,1,1,1,1,1,1,1
812,1,0,0,0,0,0,0,0,0,0,0
813,1,0,0,0,0,0,0,0,0,0,0
814,1,0,0,0,0,0,0,0,0,0,0
815,1,0,0,0,0,0,0,0,0,0,0
816,1,0,0,0,0,0,0,0,0,0,0
817,1,1,1,1,1,1,1,1,1,1,0
818,1,1,1,1,1,1,1,1,0,1,1
819,1,1,1,1,1,1,1,1,1,1,1
820,1,1,1,1,1,1,1,1,0,1,1
821,1,1,1,1,1,1,1,1,0,1,1
822,1,0,0,0,0,0,0,0,0,0,0
823,1,1,1,1,1,1,1,1,1,1,0
824,1,0,0,0,0,0,0,0,0,0,0
825,1,0,0,0,0,0,0,0,0,0,0
826,1,0,0,0,0,0,0,0,0,0,0
827,1,1,1,1,1,1,1,1,0,0,1
828,1,0,0,0,0,0,0,0,0,0,0
829,1,1,1,1,1,1,1,1,1,1,1
830,1,0,0,0,0,0,0,0,0,0,0
831,1,1,1,1,1,1,1,1,0,0,1
832,1,1,1,1,1,1,1,1,0,0,1
833,1,0,0,0,0,0,0,0,0,0,0
834,1,1,1,1,1,1,1,1,0,0,1
835,1,1,0,1,1,1,0,0,0,1,1
836,1,0,0,0,0,0,0,0,0,0,0
837,1,1,1,1,1,1,1,1,0,1,1
838,1,0,0,0,0,0,0,0,0,0,0
839,1,0,0,0,0,0,0,0,0,0,0
840,1,1,1,1,1,1,1,1,0,1,1
841,1,1,1,1,1,1,1,1,1,1,1
842,1,1,1,1,1,0,1,1,1,1,1
843,1,1,1,1,0,1,1,0,1,1,1
844,1,1,1,1,1,1,1,1,1,1,1
845,1,0,0,0,0,0,0,0,0,0,0
846,1,1,1,1,1,1,1,1,1,1,1
847,1,1,1,1,1,1,1,1,1,1,1
848,1,0,0,0,0,0,0,0,0,0,0
849,1,0,0,0,0,0,0,0,0,0,0
850,1,1,1,1,1,1,1,1,1,1,1
851,1,0,0,0,0,0,0,0,0,0,0
852,1,1,1,1,1,1,1,1,1,1,0
853,1,1,1,1,1,1,1,1,1,1,1
854,1,0,0,0,0,0,0,0,0,0,0
855,1,1,1,1,1,1,1,1,1,1,1
856,1,1,1,1,1,1,1,1,1,1,1
857,1,1,1,1,1,1,1,1,1,1,1
858,1,0,0,0,0,0,0,0,0,0,0
859,1,1,1,1,1,1,1,1,1,1,1
860,1,1,1,1,1,1,1,1,1,1,1
861,1,0,0,0,0,0,0,0,0,0,0
862,1,1,1,1,1,1,1,1,1,1,1
863,1,1,1,1,1,1,1,1,1,1,1
864,1,1,1,1,1,1,1,1,1,1,1
865,1,1,1,1,1,1,1,1,1,1,1
866,1,1,1,1,1,1,1,1,1,1,1
867,1,1,1,1,1,1,1,1,1,1,1
868,1,0,0,0,0,0,0,0,0,0,0
869,1,1,1,1,1,0,1,1,1,1,1
870,1,1,1,1,1,0,1,1,1,1,1
871,1,0,0,0,0,0,0,0,0,0,0
872,1,0,0,0,0,0,0,0,0,0,0
873,1,0,0,0,0,0,0,0,0,0,0
874,1,1,1,1,1,1,1,1,1,0,1
875,1,1,1,1,1,1,1,1,1,1,1
876,1,1,1,1,1,0,1,1,1,1,1
877,1,0,0,0,0,0,0,0,0,0,0
878,1,1,1,1,1,1,1,1,1,1,1
879,1,0,0,0,0,0,0,0,0,0,0
880,1,1,1,1,0,1,1,0,1,1,1
881,1,1,1,1,1,1,1,1,1,1,1
882,1,0,0,0,0,0,0,0,0,0,0
883,1,1,1,1,1,1,1,1,0,1,1
884,1,1,1,1,1,1,1,1,1,1,1
885,1,1,1,1,1,1,1,1,1,1,1
886,1,1,1,1,1,1,1,1,1,1,1
887,1,1,1,1,1,1,1,1,1,1,0
888,1,1,0,1,1,1,0,0,1,1,1
889,1,1,1,1,1,1,1,1,0,1,1
890,1,1,1,1,1,1,1,1,1,1,1
891,1,1,1,1,1,1,1,1,1,1,1
892,1,0,0,0,0,0,0,0,0,0,0
893,1,1,1,1,1,1,1,1,1,1,1
894,1,0,0,0,0,0,0,0,0,0,0
895,1,1,1,1,1,1,1,1,1,1,1
896,1,0,0,0,0,0,0,0,0,0,0
897,1,1,1,1,1,1,1,1,1,1,1
898,1,1,1,1,1,1,1,1,0,1,1
899,1,1,1,1,1,1,1,1,0,0,1
900,1,1,1,1,1,1,1,1,0,1,1
901,1,0,0,0,0,0,0,0,0,0,0
902,1,1,1,1,1,1,1,1,1,1,1
903,1,1,1,1,1,1,1,1,1,1,1
904,1,0,0,0,0,0,0,0,0,0,0
905,1,0,0,0,0,0,0,0,0,0,0
906,1,1,1,1,1,1,1,1,1,1,1
907,1,1,1,1,1,1,1,1,0,1,1
908,1,1,1,1,1,1,1,1,0,1,1
909,1,1,1,1,1,1,1,1,1,1,1
910,1,1,1,1,1,1,1,1,1,1,1
911,1,0,0,0,0,0,0,0,0,0,0
912,1,0,0,0,0,0,0,0,0,0,0
913,1,1,1,1,1,1,1,1,1,1,1
914,1,1,1,1,1,1,1,1,1,1,1
915,1,1,1,1,0,1,1,0,1,1,1
916,1,0,0,0,0,0,0,0,0,0,0
917,1,0,0,0,0,0,0,0,0,0,0
918,1,1,1,1,1,1,1,1,1,1,1
919,1,1,1,1,1,1,1,1,1,1,0
920,1,0,0,0,0,0,0,0,0,0,0
921,1,1,0,1,1,1,0,0,1,1,1
922,1,1,1,1,1,1,1,1,1,1,1
923,1,0,0,0,0,0,0,0,0,0,0
924,1,0,0,0,0,0,0,0,0,0,0
925,1,0,0,0,0,0,0,0,0,0,0
926,1,1,1,1,1,1,1,1,1,1,0
927,1,1,1,1,1,0,1,1,1,1,1
928,1,1,1,1,1,0,1,1,1,1,1
929,1,0,0,0,0,0,0,0,0,0,0
930,1,0,0,0,0,0,0,0,0,0,0
931,1,1,1,1,0,1,1,0,1,1,1
932,1,1,1,1,1,1,1,1,1,0,1
933,1,1,1,1,1,1,1,1,1,1,0
934,1,1,1,1,1,1,1,1,1,1,1
935,1,1,1,1,1,1,1,1,1,1,1
936,1,1,1,1,1,1,1,1,1,1,1
937,1,0,0,0,0,0,0,0,0,0,0
938,1,1,1,1,0,1,1,0,1,1,1
939,1,1,0,1,1,1,0,0,1,1,1
940,1,0,0,0,0,0,0,0,0,0,0
941,1,0,0,0,0,0,0,0,0,0,0
942,1,1,1,1,1,1,1,1,1,1,1
943,1,0,0,0,0,0,0,0,0,0,0
944,1,0,0,0,0,0,0,0,0,0,0
945,1,0,0,0,0,0,0,0,0,0,0
946,1,1,1,1,1,1,1,1,1,1,1
947,1,1,1,1,1,1,1,1,1,1,1
948,1,0,0,0,0,0,0,0,0,0,0
949,1,1,1,1,1,1,1,1,1,1,1
950,1,1,1,1,1,1,1,1,1,1,1
951,1,1,1,1,1,1,1,1,1,1,1
952,1,1,1,1,1,1,1,1,1,1,1
953,1,0,0,0,0,0,0,0,0,0,0
954,1,0,0,0,0,0,0,0,0,0,0
955,1,1,1,0,1,1,0,1,1,1,1
956,1,0,0,0,0,0,0,0,0,0,0
957,1,1,1,0,1,1,0,1,1,1,1
958,1,1,1,1,0,1,1,0,1,1,1
959,1,1,1,0,1,1,0,1,1,1,1
960,1,0,0,0,0,0,0,0,0,0,0
961,1,0,0,0,0,0,0,0,0,0,0
962,1,0,0,0,0,0,0,0,0,0,0
963,1,1,1,1,1,1,1,1,1,1,0
964,1,0,0,0,0,0,0,0,0,0,0
965,1,1,1,1,1,1,1,1,0,1,1
966,1,0,0,0,0,0,0,0,0,0,0
967,1,0,0,0,0,0,0,0,0,0,0
968,1,1,1,1,1,1,1,1,1,1,1
969,1,1,1,1,1,1,1,1,1,0,1
970,1,0,0,0,0,0,0,0,0,0,0
971,1,1,1,1,1,1,1,1,1,1,1
972,1,1,1,1,0,1,1,0,1,1,1
973,1,1,1,1,1,0,1,1,1,1,1
974,1,0,0,0,0,0,0,0,0,0,0
975,1,1,1,1,1,1,1,1,0,1,1
976,1,1,1,1,1,1,1,1,1,1,1
977,1,0,0,0,0,0,0,0,0,0,0
978,1,1,1,1,1,1,1,1,1,1,1
979,1,1,1,1,1,0,1,1,1,1,1
980,1,1,1,1,1,1,1,1,1,1,1
981,1,1,1,1,1,1,1,1,1,1,1
982,1,1,1,1,1,1,1,1,1,1,1
983,1,1,1,1,1,1,1,1,1,1,1
984,1,1,1,1,1,1,1,1,1,1,1
985,1,1,1,1,1,1,1,1,0,0,1
986,1,1,1,1,0,1,1,0,1,1,1
987,1,0,0,0,0,0,0,0,0,0,0
988,1,0,0,0,0,0,0,0,0,0,0
989,1,1,1,1,1,1,1,1,1,1,1
990,1,1,1,1,1,1,1,1,1,1,1
991,1,1,1,1,1,1,1,1,1,1,1
992,1,1,1,1,0,1,1,0,1,1,1
993,1,1,1,1,1,1,1,1,1,1,0
994,1,1,1,1,1,1,1,1,1,1,1
995,1,1,1,1,1,1,1,1,0,1,1
996,1,1,1,1,1,1,1,1,0,1,1
997,1,1,1,1,1,1,1,1,0,1,1
998,1,0,0,0,0,0,0,0,0,0,0
999,1,1,1,1,1,1,1,1,1,1,0
1000,1,0,0,0,0,0,0,0,0,0,0
1001,1,0,0,0,0,0,0,0,0,0,0
1002,1,1,1,1,1,1,1,1,1,1,1
1003,1,1,1,1,1,1,1,1,1,1,1
1004,1,1,1,1,1,1,1,1,1,1,1
1005,1,1,1,1,1,1,1,1,1,1,1
1006,1,0,0,0,0,0,0,0,0,0,0
1007,1,1,1,1,1,1,1,1,1,1,1
1008,1,1,1,1,1,1,1,1,1,1,0
1009,1,0,0,0,0,0,0,0,0,0,0
1010,1,0,0,0,0,0,0,0,0,0,0
1011,1,0,0,0,0,0,0,0,0,0,0
1012,1,0,0,0,0,0,0,0,0,0,0
1013,1,1,1,1,1,1,1,1,1,1,0
1014,1,0,0,0,0,0,0,0,0,0,0
1015,1,1,1,1,1,1,1,1,1,1,1
1016,1,1,1,1,1,1,1,1,1,0,1
1017,1,0,0,0,0,0,0,0,0,0,0
1018,1,0,0,0,0,0,0,0,0,0,0
1019,1,1,1,1,1,0,1,1,1,1,1
1020,1,0,0,0,0,0,0,0,0,0,0
1021,1,1,1,1,1,0,1,1,1,1,1
1022,1,0,0,0,0,0,0,0,0,0,0
1023,1,0,0,0,0,0,0,0,0,0,0
1024,1,1,1,1,1,1,1,1,1,1,1
1025,1,1,1,1,1,1,1,1,1,1,1
1026,1,1,1,1,1,1,1,1,1,1,0
1027,1,1,1,1,1,1,1,1,1,1,1
1028,1,1,0,1,1,1,0,0,1,1,1
1029,1,1,1,1,1,1,1,1,1,1,1
1030,1,1,1,1,1,1,1,1,1,1,1
1031,1,1,1,1,1,1,1,1,1,1,1
1032,1,1,1,1,0,1,1,0,1,1,1
1033,1,1,1,1,0,1,1,0,1,1,1
1034,1,1,1,1,1,1,1,1,1,1,0
1035,1,1,1,1,1,1,1,1,1,1,1
1036,1,1,1,1,1,1,1,1,1,1,1
1037,1,0,0,0,0,0,0,0,0,0,0
1038,1,1,1,1,0,1,1,0,1,1,1
1039,1,1,1,1,1,1,1,1,1,1,0
1040,1,1,1,1,0,1,1,0,1,1,1
1041,1,0,0,0,0,0,0,0,0,0,0
1042,1,1,1,1,1,1,1,1,1,1,0
1043,1,1,1,1,1,1,1,1,1,1,1
1044,1,1,1,1,1,1,1,1,1,1,1
1045,1,1,1,1,1,1,1,1,1,1,0
1046,1,1,1,1,1,1,1,1,1,1,0
1047,1,1,1,1,1,1,1,1,1,1,0
1048,1,1,1,1,1,1,1,1,0,0,1
1049,1,1,1,1,1,1,1,1,1,1,1
1050,1,0,0,0,0,0,0,0,0,0,0
1051,1,0,0,0,0,0,0,0,0,0,0
1052,1,1,1,1,1,1,1,1,1,1,1
1053,1,0,0,0,0,0,0,0,0,0,0
1054,1,1,1,1,1,1,1,1,1,0,1
1055,1,1,1,1,1,0,1,1,1,1,1
1056,1,0,0,0,0,0,0,0,0,0,0
1057,1,1,1,1,1,1,1,1,1,1,1
1058,1,0,0,0,0,0,0,0,0,0,0
1059,1,1,1,1,1,1,1,1,1,1,1
1060,1,1,1,1,1,1,1,1,1,1,1
1061,1,1,1,1,1,1,1,1,1,1,1
1062,1,1,1,1,1,1,1,1,1,1,1
1063,1,1,1,1,1,1,1,1,1,1,1
1064,1,1,1,1,1,1,1,1,1,1,1
1065,1,1,1,1,1,1,1,1,1,1,1
1066,1,1,1,1,1,1,1,1,1,0,1
1067,1,1,1,1,1,1,1,1,1,1,1
1068,1,0,0,0,0,0,0,0,0,0,0
1069,1,1,1,1,1,1,1,1,1,1,1
1070,1,1,1,1,1,1,1,1,1,1,1
1071,1,0,0,0,0,0,0,0,0,0,0
1072,1,0,0,0,0,0,0,0,0,0,0
1073,1,0,0,0,0,0,0,0,0,0,0
1074,1,1,1,1,1,1,1,1,1,1,1
1075,1,1,1,1,1,1,1,1,1,1,1
1076,1,0,0,0,0,0,0,0,0,0,0
1077,1,1,1,1,1,1,1,1,1,1,1
1078,1,1,1,1,1,1,1,1,1,1,1
1079,1,1,1,1,1,1,1,1,1,1,1
1080,1,0,0,0,0,0,0,0,0,0,0
1081,1,0,0,0,0,0,0,0,0,0,0
1082,1,0,0,0,0,0,0,0,0,0,0
1083,1,1,1,1,1,1,1,1,1,1,1
1084,1,1,0,1,1,1,0,0,1,1,1
1085,1,0,0,0,0,0,0,0,0,0,0
1086,1,1,1,1,1,1,1,1,1,1,1
1087,1,1,1,1,1,1,1,1,1,1,1
1088,1,1,1,1,1,1,1,1,1,1,1
1089,1,1,1,1,1,1,1,1,1,1,1
1090,1,0,0,0,0,0,0,0,0,0,0
1091,1,1,1,1,1,1,1,1,1,1,0
1092,1,0,0,0,0,0,0,0,0,0,0
1093,1,1,1,1,1,1,1,1,1,1,1
1094,1,1,1,1,1,1,1,1,1,1,1
1095,1,1,1,1,1,1,1,1,1,1,1
1096,1,0,0,0,0,0,0,0,0,0,0
1097,1,1,1,1,1,1,1,1,1,1,1
1098,1,0,0,0,0,0,0,0,0,0,0
1099,1,1,1,1,1,1,1,1,1,1,1
1100,1,1,1,1,1,1,1,1,1,1,1
1101,1,1,1,0,1,1,0,1,1,1,1
1102,1,1,1,1,1,1,1,1,1,1,0
1103,1,0,0,0,0,0,0,0,0,0,0
1104,1,0,0,0,0,0,0,0,0,0,0
1105,1,1,1,1,1,1,1,1,1,1,1
1106,1,1,1,1,1,1,1,1,1,1,1
1107,1,0,0,0,0,0,0,0,0,0,0
1108,1,1,1,1,1,1,1,1,1,1,0
1109,1,1,1,1,1,0,1,1,1,1,1
1110,1,1,1,1,1,1,1,1,1,0,1
1111,1,1,1,1,1,1,1,1,1,1,1
1112,1,1,1,1,1,1,1,1,1,1,1
1113,1,1,1,1,1,1,1,1,1,1,1
1114,1,1,0,1,1,1,0,0,1,1,1
1115,1,1,1,1,1,1,1,1,1,1,1
1116,1,0,0,0,0,0,0,0,0,0,0
1117,1,1,1,1,1,1,1,1,1,0,1
1118,1,1,1,1,1,1,1,1,1,1,0
1119,1,1,1,1,1,1,1,1,1,0,1
1120,1,1,1,1,1,1,1,1,1,0,1
1121,1,0,0,0,0,0,0,0,0,0,0
1122,1,1,1,1,1,0,1,1,1,1,1
1123,1,1,1,1,1,1,1,1,1,1,1
1124,1,1,1,1,1,1,1,1,1,1,1
1125,1,1,1,1,1,1,1,1,1,1,1
1126,1,1,1,1,1,1,1,1,1,1,1
1127,1,1,1,1,1,1,1,1,1,1,0
1128,1,1,1,1,1,1,1,1,1,1,1
1129,1,1,1,1,1,1,1,1,1,1,1
1130,1,1,1,1,1,1,1,1,1,1,1
1131,1,1,1,1,1,1,1,1,1,1,1
1132,1,1,1,1,1,1,1,1,1,1,1
1133,1,0,0,0,0,0,0,0,0,0,0
1134,1,0,0,0,0,0,0,0,0,0,0
1135,1,0,0,0,0,0,0,0,0,0,0
1136,1,0,0,0,0,0,0,0,0,0,0
1137,1,0,0,0,0,0,0,0,0,0,0
1138,1,0,0,0,0,0,0,0,0,0,0
1139,1,0,0,0,0,0,0,0,0,0,0
1140,1,0,0,0,0,0,0,0,0,0,0
1141,1,0,0,0,0,0,0,0,0,0,0
1142,1,0,0,0,0,0,0,0,0,0,0
1143,1,0,0,0,0,0,0,0,0,0,0
1144,1,0,0,0,0,0,0,0,0,0,0
1145,1,1,1,1,1,1,1,1,1,1,1
1146,1,0,0,0,0,0,0,0,0,0,0
1147,1,1,1,1,1,0,1,1,1,1,1
1148,1,1,1,1,1,0,1,1,1,1,1
1149,1,0,0,0,0,0,0,0,0,0,0
1150,1,0,0,0,0,0,0,0,0,0,0
1151,1,1,1,1,1,1,1,1,1,1,1
1152,1,1,1,1,1,1,1,1,0,1,1
1153,1,1,1,1,1,1,1,1,0,0,1
1154,1,1,1,1,1,1,1,1,1,1,0
1155,1,1,0,1,1,1,0,0,1,1,1
1156,1,0,0,0,0,0,0,0,0,0,0
1157,1,0,0,0,0,0,0,0,0,0,0
1158,1,1,1,1,1,1,1,1,1,1,1
1159,1,1,1,1,1,1,1,1,0,1,1
1160,1,1,1,1,1,0,1,1,1,1,1
1161,1,1,1,1,1,0,1,1,1,1,1
1162,1,1,1,1,1,1,1,1,1,1,1
1163,1,0,0,0,0,0,0,0,0,0,0
1164,1,0,0,0,0,0,0,0,0,0,0
1165,1,0,0,0,0,0,0,0,0,0,0
1166,1,0,0,0,0,0,0,0,0,0,0
1167,1,1,1,1,1,1,1,1,1,1,1
1168,1,1,1,1,1,1,1,1,1,1,0
1169,1,1,0,1,1,1,0,0,1,1,1
1170,1,1,1,1,0,1,1,0,1,1,1
1171,1,1,1,1,1,1,1,1,1,1,1
1172,1,1,1,1,1,1,1,1,1,1,1
1173,1,0,0,0,0,0,0,0,0,0,0
1174,1,0,0,0,0,0,0,0,0,0,0
1175,1,1,1,1,1,1,1,1,1,1,1
1176,1,0,0,0,0,0,0,0,0,0,0
1177,1,0,0,0,0,0,0,0,0,0,0
1178,1,0,0,0,0,0,0,0,0,0,0
1179,1,0,0,0,0,0,0,0,0,0,0
1180,1,1,1,1,1,1,1,1,1,1,0
1181,1,1,1,1,1,1,1,1,1,1,1
1182,1,1,1,0,1,1,0,1,1,1,1
1183,1,1,1,1,1,1,1,1,1,1,1
1184,1,0,0,0,0,0,0,0,0,0,0
1185,1,1,1,0,1,1,0,1,1,1,1
1186,1,0,0,0,0,0,0,0,0,0,0
1187,1,1,1,1,1,1,1,1,1,1,0
1188,1,1,1,0,1,1,0,1,1,1,1
1189,1,1,1,0,1,1,0,1,1,1,1
1190,1,0,0,0,0,0,0,0,0,0,0
1191,1,0,0,0,0,0,0,0,0,0,0
1192,1,1,1,1,1,1,1,1,1,1,1
1193,1,0,0,0,0,0,0,0,0,0,0
1194,1,0,0,0,0,0,0,0,0,0,0
1195,1,1,1,1,1,1,1,1,1,0,1
1196,1,0,0,0,0,0,0,0,0,0,0
1197,1,1,1,1,1,1,1,1,1,1,1
1198,1,0,0,0,0,0,0,0,0,0,0
1199,1,1,1,1,1,1,1,1,1,1,1
1200,1,0,0,0,0,0,0,0,0,0,0
1201,1,1,1,1,1,1,1,1,1,1,1
1202,1,1,1,1,1,1,1,1,1,1,1
1203,1,1,1,1,1,1,1,1,1,1,1
1204,1,1,1,1,1,1,1,1,1,1,1
1205,1,1,1,0,1,1,0,1,1,1,1
1206,1,0,0,0,0,0,0,0,0,0,0
1207,1,0,0,0,0,0,0,0,0,0,0
1208,1,1,1,1,1,1,1,1,1,1,1
1209,1,1,1,1,1,0,1,1,1,1,1
1210,1,1,1,1,1,0,1,1,1,1,1
1211,1,1,1,1,1,0,1,1,1,1,1
1212,1,0,0,0,0,0,0,0,0,0,0
1213,1,1,1,1,1,1,1,1,1,1,1
1214,1,0,0,0,0,0,0,0,0,0,0
1215,1,0,0,0,0,0,0,0,0,0,0
1216,1,1,1,1,1,1,1,1,1,0,1
1217,1,1,1,1,1,1,1,1,1,1,1
1218,1,0,0,0,0,0,0,0,0,0,0
1219,1,1,1,1,1,1,1,1,1,1,1
1220,1,0,0,0,0,0,0,0,0,0,0
1221,1,0,0,0,0,0,0,0,0,0,0
1222,1,1,1,1,1,1,1,1,1,1,1
1223,1,1,1,1,1,1,1,1,1,1,1
1224,1,0,0,0,0,0,0,0,0,0,0
1225,1,0,0,0,0,0,0,0,0,0,0
1226,1,1,1,1,1,1,1,1,1,1,1
1227,1,1,1,1,1,1,1,1,1,1,0
1228,1,0,0,0,0,0,0,0,0,0,0
1229,1,1,1,1,1,1,1,1,1,1,1
1230,1,1,1,0,1,1,0,1,1,1,1
1231,1,1,1,1,1,1,1,1,1,1,0
1232,1,0,0,0,0,0,0,0,0,0,0
1233,1,0,0,0,0,0,0,0,0,0,0
1234,1,1,1,1,1,1,1,1,1,1,1
1235,1,1,1,0,1,1,0,1,1,1,1
1236,1,1,1,1,1,1,1,1,1,1,0
1237,1,1,1,1,0,1,1,0,1,1,1
1238,1,1,1,1,1,1,1,1,1,1,1
1239,1,1,1,1,1,1,1,1,1,1,1
1240,1,1,1,1,1,1,1,1,1,1,1
1241,1,1,1,1,1,1,1,1,1,1,1
1242,1,0,0,0,0,0,0,0,0,0,0
1243,1,0,0,0,0,0,0,0,0,0,0
1244,1,0,0,0,0,0,0,0,0,0,0
1245,1,1,1,1,1,1,1,1,1,1,0
1246,1,1,1,1,1,1,1,1,1,1,1
1247,1,1,1,1,1,1,1,1,1,1,1
1248,1,0,0,0,0,0,0,0,0,0,0
1249,1,1,1,1,1,1,1,1,1,1,1
1250,1,1,1,1,1,0,1,1,1,1,1
1251,1,1,1,1,1,1,1,1,1,1,1
1252,1,1,1,1,1,1,1,1,1,1,1
1253,1,1,1,1,1,1,1,1,0,1,1
1254,1,1,1,1,1,1,1,1,1,1,0
1255,1,1,1,1,1,1,1,1,1,1,1
1256,1,1,1,1,1,0,1,1,1,1,1
1257,1,0,0,0,0,0,0,0,0,0,0
1258,1,1,1,0,1,1,0,1,1,1,1
1259,1,1,1,0,1,1,0,1,1,1,1
1260,1,1,1,1,1,0,1,1,1,1,1
1261,1,0,0,0,0,0,0,0,0,0,0
1262,1,0,0,0,0,0,0,0,0,0,0
1263,1,0,0,0,0,0,0,0,0,0,0
1264,1,0,0,0,0,0,0,0,0,0,0
1265,1,1,1,0,1,1,0,1,1,1,1
1266,1,0,0,0,0,0,0,0,0,0,0
1267,1,1,1,1,1,1,1,1,1,1,1
1268,1,0,0,0,0,0,0,0,0,0,0
1269,1,1,1,1,1,1,1,1,1,1,1
1270,1,1,1,1,1,1,1,1,0,1,1
1271,1,1,1,1,1,1,1,1,1,1,1
1272,1,0,0,0,0,0,0,0,0,0,0
1273,1,0,0,0,0,0,0,0,0,0,0
1274,1,1,1,1,1,0,1,1,1,1,1
1275,1,1,1,1,1,1,1,1,1,1,1
1276,1,0,0,0,0,0,0,0,0,0,0
1277,1,0,0,0,0,0,0,0,0,0,0
1278,1,1,0,1,1,1,0,0,1,1,1
1279,1,0,0,0,0,0,0,0,0,0,0
1280,1,1,1,1,1,1,1,1,0,1,1
1281,1,1,1,1,1,1,1,1,1,1,0
1282,1,1,1,1,1,1,1,1,1,1,0
1283,1,0,0,0,0,0,0,0,0,0,0
