year;Alsace;Auvergne;Auxerre-Avalon;Beaujolais and Maconnais;Bordeaux;Burgundy;Champagne;Gaillac- South-West;Germany;High Loire Valley;Ile de France;Jura;Languedoc;Low Loire Valley;Luxembourg;Maritime alps;Northern Italy;Northern Lorraine;Northern Rhone Valley;Savoie;Southern Lorraine;Southern Rhone Valley;Spain;Switzerland (Leman Lake);Various South-East;Vendée - Poitou Charente
1354;;;;;;15.3000;;;;;;;;;;;;;;;;;;;;
1355;;;;;;13.4000;;;;;;;;;;;;;;;;;;;;
1357;;;;;;18.3000;;;;;;;;;;;;;;;;;;;;
1372;;;;;;26.5000;;;;;;;;;;;;;;;;;;;;
1373;;;;;;18.1000;;;;;;;;;;;;;;;;;;;;
1374;;;;;;27.3000;;;;;;;;;;;;;;;;;;;;
1375;;;;;;19.5000;;;;;;;;;;;;;;;;;;;;
1376;;;;;;22.8000;;;;;;;;;;;;;;;;;;;;
1378;;;;;;22.9000;;;;;;;;;;;;;;;;;;;;
1379;;;;;;22.3000;;;;;;;;;;;;;;;;;;;;
1380;;;;;;19.8000;;;;;;;;;;;;;;;;;;;;
1381;;;;;;21.3000;;;;;;;;;;;;;;;;;;;;
1382;;;;;;14.4000;;;;;;;;;;;;;;;;;;;;
1383;;;;;;4.8000;;;;;;;;;;;;;;;;;;;;
1384;;;;;;6.3000;;;;;;;;;;;;;;;;;;;;
1385;;;;;;9.5000;;;;;;;;;;;;;;;;;;;;
1386;;;;;;18.1000;;;;;;;;;;;;;;;;;;;;
1387;;;;;;19.6000;;;;;;;;;;;;;;;;;;;;
1388;;;;;;26.1000;;;;;;;;;;;;;;;;;;;;
1389;;;;;;24.6000;;;;;;;;;;;;;;;;;;;;
1390;;;;;;14.6000;;;;;;;;;;;;;;;;;;;;
1391;;;;;;14.1000;;;;;;;;;;;;;;;;;;;;
1392;;;;;;37.9000;;;;;;;;;;;;;;;;;;;;
1393;;;;;;1.3000;;;;;;;;;;;;;;;;;;;;
1394;;;;;;31.0000;;;;;;;;;;;;;;;;;;;;
1397;;;;;;12.0000;;;;;;;;;;;;;;;;;;;;
1398;;;;;;27.0000;;;;;;;;;;;;;;;;;;;;
1399;;;;;;26.0000;;;;;;;;;;;;;;;;;;;;
1400;;;;;;10.5000;;;;;;;;;;;;;;;;;;;;
1401;;;;;;19.5000;;;;;;;;;;;;;;;;;;;;
1402;;;;;;15.4000;;;;;;;;;;;;;;;;;;;;
1403;;;;;;18.7000;;;;;;;;;;;;;;;;;;;;
1404;;;;;;29.5000;;;;;;;;;;;;;;;;;;;;
1405;;;;;;26.3000;;;;;;;;;;;;;;;;;;;;
1406;;;;;;24.0000;;;;;;;;;;;;;;;;;;;;
1407;;;;;;26.5000;;;;;;;;;;;;;;;;;;;;
1408;;;;;;27.8000;;;;;;;;;;;;;;;;;;;;
1409;;;;;;17.8000;;;;;;;;;;;;;;;;;;;;
1410;;;;;;15.5000;;;;;;;;;;;;;;;;;;;;
1411;;;;;;36.5000;;;;;;;;;;;;;;;;;;;;
1412;;;;;;17.3000;;;;;;;;;;;;;;;;;;;;
1413;;;;;;14.0000;;;;;;;;;;;;;;;;;;;;
1414;;;;;;30.1000;;;;;;;;;;;;;;;;;;;;
1415;;;;;;21.5000;;;;;;;;;;;;;;;;;;;;
1416;;;;;;24.9000;;;;;;;;;;;;;;;;;;;;
1417;;;;;;21.1000;;;;;;;;;;;;;;;;;;;;
1418;;;;;;9.5000;;;;;;;;;;;;;;;;;;;;
1419;;;;;;18.0000;;;;;;;;;;;;;;;;;;;;
1420;;;;;;-2.6000;;;;;;;;;;;;;;;;;;;;
1421;;;;;;23.3000;;;;;;;;;;;;;;;;;;;;
1422;;;;;;10.4000;;;;;;;;;;;;;;;;;;;;
1423;;;;;;26.0000;;;;;;;;;;;;;;;;;;;;
1424;;;;;;11.8000;;;;;;;;;;;;;;;;;;;;
1425;;;;;;16.0000;;;;;;;;;;;;;;;;;;;;
1426;;;;;;14.0000;;;;;;;;;;;;;;;;;;;;
1427;;;;;;25.0000;;;;;;;;;;;;;;;;;;;;
1428;;;;;;35.0000;;;;;;;;;;;;;;;;;;;;
1429;;;;;;24.0000;;;;;;;;;;;;;;;;;;;;
1430;;;;;;15.0000;;;;;;;;;;;;;;;;;;;;
1431;;;;;;19.0000;;;;;;;;;;;;;;;;;;;;
1433;;;;;;13.0000;;;;;;;;;;;;;;;;8.6000;;;;
1434;;;;;;1.0000;;;;;;;;;;;;;;;;;;;;
1435;;;;;;25.0000;;;;;;;;;;;;;;;;;;;;
1436;;;;;;29.0000;;;;;;;;;;;;;;;;21.6000;;;;
1437;;;;;;;;;;;;;;;;;;;;;;17.6000;;;;
1438;;;;;;;;;;;;;;;;;;;;;;15.6000;;;;
1440;;;;;;28.0000;;;;;;;;;;;;;;;;8.6000;;;;
1441;;;;;;18.0000;;;;;;;;;;;;;;;;16.6000;;;;
1442;;;;;;;;;;;;;;;;;;;;;;10.6000;;;;
1443;;;;;;26.0000;;;;;;;;;;;;;;;;13.6000;;;;
1444;;;;;;;;;;;;;;;;;;;;;;16.6000;;;;
1448;;;;;;30.0000;;;;;;64.0000;;;;;;;;;;;;;;
1449;;;;;49.0000;42.0000;;;;;;38.0000;;;;;;;;;;;;;;
1450;;;;;;25.0000;;;;;;;;;;;;;;;;;;;;
1451;;;;;45.0000;39.0000;;;;;;;;;;;;;;;;;;;;
1452;;;;;;24.0000;;;;;;23.0000;;;;;;;;;;;;;;
1453;;;;;;37.0000;;;;;;45.0000;;;;;;;;;;;;;;
1454;;;;;;34.0000;;;;;;;;;;;;;;;;;;;;
1455;;;;;;31.0000;;;;;;;;;;;;;;;;;;;;
1456;;;;;;33.0000;;;;;;;;;;;;;;;;;;;;
1457;;;;;;14.0000;;;;;;;;;;;;;;;;;;;;
1458;;;;;;18.0000;;;;;;;;;;;;;;;;8.6000;;;;
1459;;;;;;35.0000;;;;;;;;;;;;;;;;;;;;
1461;;;;;27.0000;16.0000;;;;;;;;;;;;;;;;;;;;
1463;;;;;;35.0000;;;;;;;;;;;;;;;;;;;;
1464;;;;;;14.0000;;;;;;;;;;;;;;;;;;;;
1465;;;;;59.0000;41.0000;;;;;;48.0000;;;;;;;;;;;;;;
1466;;;;;;27.0000;;;;;;;;;;;;;;;;;;;;
1467;;;;;;27.0000;;;;;;46.0000;;;;;;;;;;15.0000;;;;
1468;;;;;;32.0000;;;;;;;;;;;;;;;;;;;;
1469;;;;;;20.0000;;;;;;;;;;;;;;;;18.0000;;;;
1470;;;;;;37.0000;;;;;;;;;;;;;;;;17.0000;;;;
1471;;;;;;11.0000;;;;;;;;;;;;;;;;;;;;
1472;;;;;;23.0000;;;;;;;;;;;;;;;;;;;;
1473;;;;;;-2.0000;;;;;;;;;;;;;;;;;;;;
1474;;;;;45.0000;39.0000;;;;;;;;;;;;;;;;;;;;
1475;;;;;;31.0000;;;;;;;;;;;;;;;;13.1000;;;;
1476;;;;;36.0000;28.0000;;;;;;;;;;;;;;;;7.8000;;;;
1477;;;;;;41.0000;;;;;;;;;;;;;;;;;;;;
1478;;;;;25.0000;19.0000;;;;;23.3000;;;;;;;;;;;;;;;
1479;;;;;;16.0000;;;;;;;;;;;;;;;;;;;;
1480;;;;;;39.0000;;;;;;;;;;;;;;;;;;48.0000;;
1481;;;;;;47.0000;;;;;;;;;;;;;;;;;;;;
1482;;;;;41.0000;16.0000;;;;;;;;;;;;;;;;;;;;
1483;;;;;26.0000;15.0000;;18.0000;;;;;;;;;;;;;;;;;;
1484;;;;;14.0000;21.0000;;;;;37.3000;;;;;;;;;;;7.6000;;;;
1485;;;;;53.0000;44.0000;;50.0000;;;15.0000;;;;;;;;;;;;;;;
1486;;;;;;21.0000;;;;;15.3000;;;;;;;;;;;;;;;
1487;;;;;;23.0000;;;;;25.3000;;;;;;;;;;;;;;;
1488;;;;;;43.0000;;;;;45.2000;;;;;;;;;;;;;;;
1489;;;;;;32.0000;;;;;19.3000;;;;;;;;;;;;;;;
1490;;;;;;26.0000;;;;;24.3000;;;;;;;;;;;;;;;
1491;;;;;;46.0000;;;;;49.3000;;;;;;;;;;;;;;;
1492;;;;;;;;25.0000;;;;24.0000;;;;;;;;;;;;;;
1493;;;;;;36.0000;;29.0000;;;31.3000;43.0000;;;;;;;;;;;;;;
1494;;;;;;19.0000;;;;;;24.0000;;;;;;;;;;;;;;
1495;;;;;;14.0000;;;;;;;;;;;;;;;;;;;;
1496;;;;;;41.0000;;;;;36.1000;;;;;;;;;;;;;44.0000;;
1497;;;;;;40.0000;;;;;32.6000;;;;;;;;;;;;;23.0000;;
1498;;;;;;27.0000;;;;;19.3000;;;;;;;;;;;;;34.0000;;
1499;;;;;;29.0000;;34.0000;;;;;;;;;;;;;;;49.0000;35.0000;;
1500;;;;;;14.0000;;;;;;;;;;14.0000;;;;;;;40.0000;;;
1501;;;;;;19.0000;;16.0000;;;;;;;;;;;;;;;37.0000;;;
1502;;;;;;29.0000;;;;;15.4000;;;;;12.0000;;;;;;;;33.0000;;
1503;;;;;;28.0000;;27.0000;;;6.4000;;;;;;;;;;;;39.0000;17.0000;;
1504;;;;;;15.0000;;;;;;21.0000;;;;;;;;;;;36.0000;27.0000;;
1505;;;;;;43.0000;;;;;43.0000;;;;;;;;;;;;;46.0000;;
1506;;;;;;28.0000;;36.0000;;;17.4000;;;;;;;;;;;;48.0000;41.0000;;
1507;;;;;;16.0000;;;;;9.4000;45.0000;;;;;;;;;;;;26.0000;;
1508;;;;;;30.0000;;;;;28.4000;46.0000;;;;;;;;;;;53.0000;;;
1509;;;;;;20.0000;;;;;20.4000;;;;;;;;;;;;;35.0000;;
1510;;;;;;30.0000;;;;;27.5000;;;;;;;;;;;;45.0000;35.0000;;
1511;;;;;;44.0000;;;;;35.5000;;;;;;;;;;;;35.0000;51.0000;;
1512;;;;;;24.0000;;25.0000;;;16.4000;;;;;;;;;;;;45.0000;33.0000;;
1513;;;;;;;;;;;19.4000;;;;;;;;;;;;57.0000;35.0000;;
1514;;;;;;33.0000;;;;;11.4000;;;;;;;;;;;;;36.0000;;
1515;;;;;;35.0000;;;;;13.4000;;;;;;;;;;;;;46.0000;;
1516;;;;;;12.0000;;;;;3.4000;;;;;12.0000;;;;;;;;;;
1517;;;;;;26.0000;;3.0000;;;;;;;;17.0000;;;;;;;45.0000;24.0000;;
1518;;;;;;22.0000;;;;;12.4000;;;;;24.0000;;;;;;;;35.0000;;
1519;;;;;;40.0000;;;;;;;;;;18.0000;;;;;;;47.0000;41.0000;;
1520;;;;;;;;;;;10.3000;;;;;23.0000;;;;;;;;26.0000;;
1521;;;;;;;;;;;21.3000;;;;;;;;;;;;;26.0000;;
1522;;;;;;36.0000;;;;;26.3000;;;;;;;;;;;;;41.0000;;
1523;;;;;;26.0000;;;;;24.4000;;;;;;;;;;;;;35.0000;;
1524;;;;;;;;;;;11.4000;25.0000;3.4000;;;;;;;;;;;;;
1525;;;;;;21.0000;;;;;17.9000;34.5000;;;;;;;;;;;;;;
1526;;;;;;;;;;;23.4000;40.0000;;;;;;;;;;;;33.0000;;
1527;;;;;;43.0000;;;;;38.9000;56.0000;;;;;;;;;;40.8000;61.0000;;;
1528;;;;;;35.0000;;;;;22.9000;52.0000;;;;;;;;;;;53.0000;39.0000;;
1529;;;;;;;;;;;40.4000;60.5000;;;;;;;;;;;45.0000;50.0000;;
1530;;;;;;15.0000;;;;;11.4000;25.0000;;;;;;;;;;;;50.0000;;
1531;;;;;;;;;;;25.4000;36.5000;;;;;;;;;;;;35.0000;;
1532;;;;;27.0000;20.0000;;;;;22.4000;34.0000;;;;;;;;;;2.0000;;;;
1533;;;;;35.0000;36.0000;;;;;21.4000;38.5000;;;;;;;;;;;;39.0000;;
1534;;;;;24.0000;20.0000;;;;;14.4000;25.0000;;;;;;;;;;2.9000;;;;
1535;;;;;;30.0000;;;;;26.4000;47.5000;;;;;;;;;;;;;;
1536;;;;;;8.0000;;;;;;33.0000;20.1000;;;;;;;;;;;;;
1537;;;;;;40.0000;;;;;27.3000;46.0000;;;;;;;20.0000;;;18.0000;;;;
1538;;;;;;12.0000;;;;;5.4000;27.0000;;;;;;;;;;;;;;
1539;;;;;;26.0000;;;;;26.3000;37.5000;;;;;;;;;;;;;;
1540;;;;;;3.0000;;;;;6.4000;9.0000;;;;;;;11.0000;;;;37.0000;;;
1541;;;;;;;;;;;22.4000;51.5000;;;;;;;;;;14.6000;53.0000;;;
1542;;;;;;;;;;;43.9000;64.5000;;;;;;;;;;;49.0000;;;
1543;;;;;;;;;;;21.3000;51.5000;;;;;;;;;;;48.0000;;22.0000;
1544;;;;;;;;;;;27.3000;41.0000;;;;;;;;;;;;;;
1545;;;;;;11.0000;;;;;12.4000;20.0000;;;;;;;;;;;31.0000;;;
1546;;;;;;23.0000;;;;;13.3000;34.0000;;;;;;;;;;;32.0000;;;
1547;;;;;;31.0000;;;;;21.4000;;;;;;;;;;;;;;19.0000;
1548;;;;;;29.0000;;;;;30.1000;38.0000;;;;;;;;;;;;;22.0000;
1549;;;;;;34.0000;;21.0000;;;22.3000;36.0000;;;;25.0000;;;;;;11.0000;;21.0000;23.0000;
1550;;;;;;37.0000;;10.0000;;;20.3000;49.0000;;;;;;;;;;13.3000;;39.0000;;
1551;;;;;;26.0000;;;;;19.7000;36.0000;;;;;;;;;;11.6000;47.0000;34.8000;;
1552;;;;;;13.0000;;;;;14.9000;29.0000;;;;;;;;;;9.0000;45.0000;27.3000;;
1553;;;;;;35.0000;;28.0000;;;27.4000;46.0000;;;;22.0000;;;;;;16.3000;51.0000;38.3000;;
1554;;;;;;;;;;;14.8000;32.0000;32.2000;;;;;;;;;5.0000;41.0000;30.8000;;
1555;;;;;;40.0000;;;;;47.6000;60.0000;;;;26.5000;;;;;;10.0000;49.0000;45.3000;;
1556;;;;;;5.0000;;;;;;15.0000;;;;7.0000;;;;;;4.8000;41.0000;6.6000;;
1557;;;;;;33.0000;;;;;16.0000;49.0000;;;;27.0000;;;;;;16.0000;70.0000;37.0000;;
1558;;;;;;32.0000;;;;;11.4000;;;;;34.5000;;;;;;13.0000;52.0000;36.0000;;
1559;;;;;;5.0000;;;;;11.4000;25.0000;21.2000;;;25.0000;;;;;;0.0000;;17.0000;;
1560;;;;;;36.0000;;;;;26.3000;45.5000;;;;;;;;;;10.0000;54.0000;42.6000;;
1561;;;;;;14.0000;;;;;3.3000;37.0000;;;;29.0000;;;;;;2.0000;41.0000;32.6000;;
1562;;;;;;;;;;;;42.5000;;;;;;;;;;1.0000;47.0000;33.3000;;
1563;;;;;;30.0000;;16.0000;;;;49.0000;;;;;;;;;;;;44.0000;;
1564;;;;;;46.0000;;;;;34.3000;46.0000;;;;;;;;;;;42.0000;34.6000;;
1565;;;;;;;;;;;;45.0000;;;;35.0000;;;;;;;45.0000;43.3000;;
1566;;;;;;38.0000;;;;;;40.0000;;;;23.0000;;;;;;;42.0000;29.0000;;
1567;;;;;;23.0000;;;;;13.8000;34.0000;;;;;;;;;;;39.0000;41.0000;;
1568;;;;;;30.0000;;;;;13.9000;49.0000;;;;34.0000;;;;;;;48.0000;46.6000;;
1569;;;;;;26.0000;;;;;22.4000;49.0000;;;;33.0000;;;;;;;;50.0000;;
1570;;;;;;35.0000;;;;;27.4000;58.5000;;;;;;;;;;;;52.6000;;
1571;;;;;;;;;;;17.7000;25.0000;;;;17.0000;;;;;;3.6000;;27.6000;;
1572;;;;;;19.0000;;;;;18.7000;28.5000;;;;30.0000;;;;;;14.0000;52.0000;32.6000;;
1573;;;;;;40.0000;;;;;35.4000;55.0000;;;;42.0000;;;;;;19.0000;49.0000;53.6000;;
1574;;;;;;29.0000;;;;;47.7000;36.5000;;;;;;;;;;10.0000;45.0000;34.6000;;
1575;;;;;;26.0000;;;;;20.1000;42.0000;;;;28.0000;;;;;;8.0000;39.0000;38.0000;;
1576;;;;;;36.0000;;;;;26.4000;53.5000;;;;;;;;;;16.0000;55.0000;46.6000;;
1577;;;;;;33.0000;;;;;27.3000;50.0000;;;;31.5000;;;;;;10.3000;47.0000;43.0000;;
1578;;;;;;21.0000;;;;;13.2000;41.0000;;;;30.0000;;;;;;5.0000;32.0000;43.6000;;
1579;;;;;;39.0000;;;;;35.7000;61.0000;25.4000;;;;;;;;;13.0000;38.0000;52.6000;;
1580;;;;;;30.0000;;19.0000;;;25.0000;45.0000;;;;22.0000;;;;;;;43.0000;32.6000;;
1581;;;;;;33.0000;;;;;56.4000;51.0000;;;;31.0000;;;;;;14.0000;35.0000;40.5000;;
1582;;;;;;28.0000;;;;;32.3000;43.0000;;;;31.0000;;;;;;15.0000;44.0000;26.7000;;
1583;;;;;;12.0000;;;;;13.0000;34.0000;20.4000;;;;;;;;;5.0000;31.0000;25.3000;;
1584;;;;;;25.0000;;;;;26.4000;40.0000;;;;38.0000;;;;;;10.0000;33.0000;37.0000;;
1585;;;;;;34.0000;;;;;47.1000;46.0000;23.4000;;;45.0000;;;;;;15.6000;53.0000;44.6000;;
1586;;;;;27.0000;32.0000;;;;;44.9000;49.0000;;;;;;;;;;14.1000;35.0000;36.0000;;
1587;;;;;32.0000;42.0000;;;;;52.4000;60.5000;;;;52.0000;;;;;;22.0000;30.0000;40.5000;;
1588;;;;;24.0000;24.0000;;;;;33.9000;42.0000;15.2000;;;36.0000;;;;;;9.0000;33.0000;40.0000;;
1589;;;;;;25.0000;;31.0000;;;30.8000;40.0000;;;;36.0000;;;;;;10.0000;39.0000;30.8000;;
1590;;;;;;13.0000;;;;;22.6000;26.5000;;;;;;;;;;14.6000;43.0000;20.0000;;
1591;;;;;33.5000;32.0000;;;;;33.9000;45.0000;;;;36.0000;;;;;;12.9000;44.0000;42.6000;;
1592;;;;;26.0000;32.0000;;;;;36.4000;51.5000;;;;;;;;;;11.0000;42.0000;46.0000;;
1593;;;;;33.5000;32.0000;;;;;37.6000;50.5000;;;;;;;;;;9.1000;36.0000;44.6000;;
1594;;;;;47.8000;30.0000;;;;;;46.5000;;;;47.0000;;;;;;9.0000;37.0000;48.4000;;
1595;;;;;29.5000;25.0000;;22.0000;;;41.7000;48.0000;;;;49.0000;;;;;;15.8000;32.0000;42.9000;;
1596;;;;;36.3000;33.0000;;;;;36.7000;53.0000;;;;52.0000;;;;;;15.3000;52.0000;47.6000;;
1597;;;;;41.5000;43.0000;;;;;54.4000;61.0000;;;;51.0000;;;;;;18.6000;45.0000;45.6000;;
1598;;;;;31.5000;23.0000;;31.0000;;;39.4000;48.0000;;;;;;;;;;14.8000;35.0000;35.6000;;
1599;;;;;20.5000;11.0000;;;;;6.3000;28.0000;;;;;;;;;;0.1000;31.0000;24.0000;20.0000;
1600;;;;;50.5000;43.0000;;;;49.0000;50.3000;62.5000;;;;;;;;;;16.1000;32.0000;48.6000;40.0000;26.0000
1601;;;;;35.5000;38.0000;;;;;31.3000;56.5000;34.4000;;;;;;;;;30.2000;52.0000;45.8000;;21.0000
1602;;;;;23.5000;23.0000;;;;;;39.0000;;;;31.5000;;;;;;12.4000;35.0000;27.5000;;26.0000
1603;;;;;20.8000;13.0000;;;;;35.3000;27.0000;;;;31.0000;;;;;;4.6000;31.0000;17.6000;24.0000;22.0000
1604;;;;;;20.0000;;;;;19.3000;41.0000;10.8000;;;37.5000;;;;;;11.2000;35.0000;29.0000;;16.0000
1605;;;;;33.5000;20.0000;;;;;39.3000;42.0000;16.8000;;;40.0000;;;;;;15.3000;;26.8000;;20.0000
1606;;;;;45.5000;36.0000;;;;;;54.5000;;;;46.0000;;;;;;15.6000;28.0000;49.6000;;39.0000
1607;;;;;29.5000;24.0000;;;;;;39.0000;;;;34.0000;;;;;;0.7000;33.0000;34.5000;39.0000;20.0000
1608;;;;;41.5000;31.0000;;;;;;55.0000;16.2000;;;45.0000;;;;;;16.1000;40.0000;43.6000;;18.0000
1609;;;;;21.5000;28.0000;;;;;18.3000;44.0000;23.0000;;;49.0000;;;;;;14.1000;46.0000;38.6000;41.0000;17.0000
1610;;;;;27.3000;20.0000;;;;;;36.0000;13.9000;;;34.0000;;;;;;12.6000;35.0000;22.6000;34.0000;-1.0000
1611;;;;;19.0000;14.0000;;;45.0000;;;32.0000;;;;30.0000;;;;;;11.2000;37.0000;19.6000;;40.0000
1612;;;;;32.0000;31.0000;;31.0000;50.0000;38.0000;31.3000;48.5000;12.8000;;;41.0000;;;;;;18.2000;40.0000;36.8000;;32.0000
1613;;;;;34.0000;25.0000;;;;;22.2000;43.5000;19.8000;;;47.0000;;;;;;18.4000;38.0000;38.6000;40.0000;31.0000
1614;;;;;;36.0000;;;55.0000;;26.2000;61.5000;27.3000;;;50.0000;;;;;;18.9000;30.0000;43.6000;;36.0000
1615;;;;;27.5000;22.0000;;;31.0000;;27.3000;33.0000;16.0000;;;42.0000;;;;;;13.6000;22.0000;28.0000;35.0000;28.0000
1616;;;;;29.5000;12.0000;;;17.0000;;;18.5000;9.9000;;;40.0000;;;;;;5.1000;24.0000;16.6000;;8.0000
1617;;;;;24.5000;33.0000;;;;;33.3000;48.5000;15.8000;;;46.0000;;;;;;14.6000;42.0000;54.3000;40.0000;22.0000
1618;;;;;36.0000;36.0000;;;53.0000;;30.7000;55.0000;24.8000;;;;;;;;;23.2000;38.0000;46.6000;42.0000;18.0000
1619;;;;;;26.0000;;;;35.0000;23.3000;46.0000;13.8000;;;44.0000;;;;;;11.6000;42.0000;29.6000;36.0000;23.0000
1620;;;;;38.0000;28.0000;;;50.0000;38.0000;;44.0000;16.9000;;;42.0000;;;;;;17.3000;39.0000;42.0000;35.0000;25.0000
1621;;;;;45.0000;46.0000;;;53.0000;53.0000;;64.0000;22.0000;;;55.5000;;;;;;24.6000;49.0000;63.5000;38.0000;21.0000
1622;;;;;;24.0000;;;41.0000;33.0000;;45.0000;;;;50.0000;;;;;;15.1000;26.0000;41.0000;31.0000;14.0000
1623;;;;;25.0000;15.0000;;;37.0000;32.0000;;39.0000;20.1000;;;46.0000;43.0000;;;;;17.0000;39.0000;34.5000;27.0000;-1.0000
1624;;;;;;14.0000;;;35.0000;16.0000;16.0000;29.5000;15.5000;;;37.0000;;;;;;14.1000;30.0000;23.6000;29.0000;0.0000
1625;;;;;;33.0000;;;;41.0000;;50.0000;22.3000;;;43.0000;;;;;;19.9000;38.0000;40.6000;;26.0000
1626;;;;;39.5000;27.0000;;;43.0000;42.0000;;43.0000;19.9000;;;;;;;;;14.2000;49.0000;32.6000;52.0000;8.0000
1627;;;;;;44.0000;;;58.0000;51.0000;;69.0000;33.5000;;;56.0000;54.0000;;;;;31.0000;49.0000;51.6000;;16.0000
1628;;;;;;44.2000;;;61.0000;24.0000;;64.0000;31.6000;;;42.5000;55.0000;;;;;32.2000;39.0000;68.5000;53.0000;8.0000
1629;;;;;30.0000;27.0000;;;29.0000;31.0000;;;30.3000;;;45.0000;;;;;;20.2000;52.0000;21.6000;40.0000;4.0000
1630;;;;;;20.0000;;;35.0000;;;34.0000;22.1000;;;37.0000;;;;;;17.1000;;30.6000;;43.0000
1631;;;;;;20.0000;;;37.0000;;;39.0000;17.5000;;;39.0000;;;;;;13.0000;;26.7000;29.0000;
1632;;;;;;34.0000;;;53.0000;;;49.0000;31.2000;;;48.0000;;;;;;21.1000;;48.6000;;
1633;;;;;36.5000;37.0000;;38.0000;;;;52.5000;26.8000;;;54.0000;;;;;;19.6000;56.0000;40.7000;47.0000;
1634;;;;;;33.0000;;;54.0000;;;;22.7000;;;46.0000;42.0000;;;;;20.0000;39.0000;32.6000;40.0000;
1635;;;;;;25.0000;;;53.0000;;;44.0000;16.6000;;;31.0000;;;;;;15.0000;31.0000;35.6000;24.0000;
1636;;;;;;4.0000;;;34.0000;;;;15.3000;;;43.0000;;;;;;11.1000;31.0000;24.3000;;
1637;;;;;;3.0000;;;26.0000;9.0000;;;11.8000;;;21.0000;;;;;;3.0000;35.0000;27.5000;;
1638;;;;;;10.0000;;;;;;20.0000;17.8000;;;38.0000;;;;;;6.0000;43.0000;29.6000;;
1639;;;;;;20.0000;;;;;;45.0000;16.8000;;;34.5000;;;;;;15.0000;35.0000;35.6000;;
1640;;;;;34.5000;31.0000;;36.0000;;;;54.0000;18.3000;;;46.0000;;;;;;13.0000;45.0000;37.7000;;
1641;;;;;;33.0000;;37.5000;45.0000;;;49.0000;21.8000;;;51.0000;55.0000;;;;;18.2000;37.0000;42.8000;42.0000;
1642;;;;;;33.0000;;50.0000;;;;49.5000;31.8000;;;54.5000;;;;;;32.0000;38.0000;46.6000;46.0000;
1643;;;;;;31.0000;;;45.0000;;;53.0000;24.8000;;;49.5000;;;;;;19.0000;40.0000;48.5000;;
1644;;;;;;15.0000;;;55.0000;;18.0000;27.0000;20.4000;;;43.5000;55.0000;;;;;18.2000;40.0000;30.0000;;
1645;;;;;;11.0000;;26.0000;36.0000;;;35.0000;15.7000;;;;;;;;;8.2000;41.0000;29.5000;;
1646;;;;;;17.0000;;32.0000;40.0000;;;41.0000;14.7000;;;40.5000;;;;;;13.0000;24.0000;41.8000;27.0000;
1647;;;;;;18.0000;;;45.0000;30.0000;;40.0000;19.3000;;;44.0000;;;;;;16.1000;37.0000;41.5000;34.0000;
1648;;;;;25.0000;31.0000;;;47.0000;38.0000;;45.0000;27.8000;;;42.5000;;;;;;23.7000;44.0000;45.5000;;
1649;;;;;;38.0000;;44.0000;46.0000;;;53.0000;29.8000;;;50.0000;;;;;;22.2000;38.0000;55.4000;44.0000;
1650;;;;;36.5000;;;42.0000;41.0000;;;48.3000;19.7000;;;36.0000;40.0000;;;;;15.7000;36.0000;49.5000;30.0000;
1651;;;;;;22.0000;;23.0000;;;24.0000;39.5000;15.3000;;;39.0000;;;;;;5.2000;32.0000;33.5000;;
1652;;;;;;20.0000;;44.0000;36.0000;;;43.5000;24.7000;;;;;;;;;20.0000;37.0000;37.6000;46.0000;
1653;;;;;25.5000;11.0000;;31.0000;;43.0000;;33.0000;21.8000;;;31.5000;;;;;;13.0000;33.0000;31.6000;22.0000;
1654;;;;;;32.0000;;37.0000;47.0000;45.0000;;48.6000;25.9000;;;50.0000;;;;;;16.2000;44.0000;47.8000;;
1655;;;;;;23.0000;;;13.0000;34.0000;;40.0000;16.3000;;;;;;;;;20.2000;38.0000;38.8000;;
1656;;;;;;26.0000;;31.0000;47.0000;32.0000;27.0000;44.8000;;;;39.0000;;;;;;14.4000;41.0000;38.4000;;
1657;;;;;;22.0000;;;36.0000;24.0000;;;25.4000;;;46.0000;;;;;;15.0000;35.0000;33.8000;;
1658;;;;;;29.0000;;25.0000;;37.0000;37.0000;44.0000;30.0000;;;40.0000;;;;;;;48.0000;44.0000;;
1659;;;;;;10.0000;;23.0000;;;15.0000;28.5000;15.0000;;;36.0000;;;;;;5.1000;38.0000;26.0000;;
1660;;;;;;8.0000;;26.0000;;;;28.6000;14.5000;;;30.0000;;;;;;;34.0000;26.2000;23.0000;
1661;;;;;;12.0000;;;34.0000;;26.0000;28.0000;21.9000;;;33.0000;;;;;;9.0000;42.0000;38.2000;26.0000;
1662;;;;;19.5000;22.0000;;;44.0000;;;43.0000;21.0000;;;46.0000;;;;;;14.4000;39.0000;45.5000;;
1663;;;;;28.5000;38.0000;;;;;;42.0000;31.9000;;;46.5000;;;;;;25.5000;45.0000;50.2000;;
1664;;;;;;19.0000;;;40.0000;;;40.0000;22.7000;;;40.0000;;;;;;15.0000;35.0000;37.0000;;
1665;;;;;21.5000;15.0000;;;37.0000;;22.0000;39.0000;23.4000;;;49.0000;;;;;;;;34.3000;;
1666;;;;;12.8000;10.0000;;;45.0000;;;30.8000;24.8000;;;34.0000;;;;;;17.0000;;36.8000;31.0000;
1667;;;;;;28.0000;;43.0000;30.0000;33.0000;33.0000;48.6000;34.1000;;;54.0000;;;;;;25.7000;;51.4000;38.0000;
1668;;;;;;19.0000;;41.0000;39.0000;;;42.8000;20.9000;;;38.0000;;;;;;15.5000;;34.6000;27.0000;
1669;;;;;;13.0000;;;33.0000;;19.0000;27.0000;20.4000;;;40.0000;;;;;;16.5000;33.0000;37.8000;;
1670;;;;;;22.0000;;33.0000;33.0000;;;38.3000;17.1000;;;37.0000;;;;;;13.0000;41.0000;42.4000;;
1671;;;;;;16.0000;;;33.0000;;;32.6000;24.5000;;;49.0000;;;;;;17.2000;36.0000;38.7000;24.0000;
1672;;;;;;28.0000;;40.0000;45.0000;;;48.6000;25.4000;;;47.0000;;;;;;21.7000;33.0000;39.8000;;
1673;;;;;;35.0000;;49.0000;;40.0000;34.0000;65.8000;36.8000;;;53.0000;;;;;;31.2000;44.0000;56.6000;;
1674;;;;;;20.0000;;;;33.0000;31.0000;41.0000;24.8000;;;44.0000;;;;;;20.0000;40.0000;47.8000;39.0000;
1675;;;;;60.0000;44.0000;;58.5000;57.0000;55.0000;53.0000;70.0000;41.7000;;;;;;;;;41.0000;56.0000;64.2000;55.0000;
1676;;;;;;10.0000;;23.0000;26.0000;18.0000;7.0000;25.3000;26.9000;;;42.0000;;;;;;23.4000;35.0000;28.3000;;
1677;;;;;;27.0000;;31.0000;43.0000;30.0000;30.0000;44.6000;24.8000;;;41.0000;;;;;;24.9000;38.0000;47.8000;40.0000;
1678;;;;;;20.0000;;32.0000;;29.0000;;37.6000;30.0000;;;40.0000;;;;;;23.2000;54.0000;36.9000;;
1679;;;;;;26.0000;;30.0000;37.0000;32.0000;34.0000;41.6000;27.5000;;;46.0000;;;;;;26.0000;43.0000;34.3000;;
1680;;;;;;10.0000;;28.0000;35.0000;23.0000;14.0000;30.6000;22.8000;;;37.0000;;;;;;17.9000;46.0000;40.8000;34.0000;
1681;;;;;;9.0000;;;38.0000;29.0000;20.0000;29.0000;22.1000;;;43.0000;;;;;;18.1000;37.0000;38.8000;;
1682;;;;;;28.0000;;;44.0000;;;51.0000;30.3000;;;43.0000;;;;;;25.5000;44.0000;57.6000;;
1683;;;;;;13.0000;;36.0000;35.0000;;20.0000;36.0000;23.5000;;;34.0000;;;;;;22.5000;37.0000;41.5000;;
1684;;;;;;4.0000;;;23.0000;;16.0000;23.0000;23.5000;;;28.5000;;;;;;19.9000;45.0000;27.8000;;
1685;;;;;;12.0000;;;46.0000;;22.0000;35.0000;21.8000;;;39.0000;;;;;;19.7000;40.0000;45.0000;;
1686;;;;;;4.0000;;29.0000;26.0000;;;21.0000;24.6000;;;28.0000;;;;;;19.0000;35.0000;33.5000;;
1687;;;;;;29.0000;;;42.0000;;;45.0000;35.8000;;;48.0000;;;;;;25.0000;40.0000;41.6000;;
1688;;;;;;27.0000;;;39.0000;;26.0000;43.5000;36.1000;;;41.0000;;;;;;31.7000;51.0000;45.7000;;
1689;;;;;;29.4000;;;;;30.0000;44.0000;30.4000;;;43.0000;;;;;;26.0000;36.0000;50.6000;;
1690;;;;;;13.9000;;;44.0000;;25.0000;49.0000;29.0000;;;47.5000;46.0000;;;;;32.1000;52.0000;46.7000;;
1691;;;;;21.0000;24.4000;;43.0000;42.0000;;20.0000;39.0000;23.8000;;;34.0000;;;;;;21.9000;38.0000;42.1000;;
1692;;;;;;35.4000;;;48.0000;;47.0000;59.0000;33.8000;;;51.0000;57.0000;;;;;29.2000;44.0000;66.2000;;
1693;;;;;;29.4000;;;38.0000;;29.0000;42.0000;;;;52.5000;;;;;;26.5000;57.0000;42.3000;;
1694;;;;;;26.4000;;;38.0000;;47.0000;34.0000;24.7000;;;41.0000;;;;;;19.4000;43.0000;41.0000;;
1695;;;;;;22.4000;;;46.0000;;46.0000;53.5000;36.8000;;;52.5000;55.0000;;;;;30.9000;51.0000;60.9000;;
1696;;;;;34.5000;16.9000;;;43.0000;;39.0000;44.5000;28.8000;;;58.0000;;;;;;25.2000;41.0000;47.3000;;
1697;;;;;19.5000;26.4000;;;38.0000;;;40.0000;26.8000;;;51.0000;;;;;;24.5000;55.0000;45.1000;;
1698;;;;;46.5000;38.9000;;;25.0000;;49.0000;62.5000;42.7000;;;61.5000;;;;;;38.0000;52.0000;67.6000;;
1699;;;;;25.5000;17.4000;;;44.0000;;27.0000;47.5000;33.8000;;;43.5000;;;;;;29.5000;34.0000;47.4000;;
1700;42.9000;;;;;31.6000;;;41.0000;;42.0000;54.6000;32.0000;;;54.0000;42.0000;;;;;30.5000;49.0000;58.0000;;
1701;35.9000;;;;;25.6000;;;40.0000;;32.0000;43.0000;44.8000;;;47.0000;;;;;;34.0000;54.0000;50.3000;;
1702;45.0000;;;;;19.6000;;;43.0000;;34.0000;55.5000;38.0000;;;48.0000;48.0000;;;;;29.5000;48.0000;57.0000;;
1703;49.4000;;;;;25.6000;;40.0000;42.0000;;42.0000;46.0000;28.8000;;;38.0000;47.0000;;;;;27.0000;41.0000;57.4000;;
1704;30.4000;;;;;15.0000;;;30.0000;;22.0000;32.0000;22.3000;;;36.0000;;;;;;22.0000;;34.2000;;
1705;46.9000;;;;;28.6000;;;49.0000;;35.0000;47.0000;33.8000;;;49.0000;;;;;;31.7000;;55.1000;;
1706;38.7000;;;;;7.0000;;;40.0000;;22.0000;24.0000;18.3000;;;29.0000;42.0000;;;;;18.0000;;37.6000;;
1707;44.0000;;;;;22.6000;;;40.0000;;30.0000;42.0000;39.2000;;;36.5000;47.0000;;;;;28.0000;;50.1000;;
1708;32.0000;;;;;24.6000;;;39.0000;;34.0000;41.6000;29.9000;;;42.5000;;;;;;28.0000;;45.4000;;
1709;29.9000;;;;;31.6000;;;37.0000;;;38.6000;36.6000;;;44.0000;;;;;;31.0000;;48.0000;;
1710;37.9000;;;;;20.6000;;;36.0000;;31.0000;37.3000;26.9000;;;34.0000;;;;;;18.5000;;43.1000;;
1711;39.4000;;;;;26.6000;;;32.0000;;31.0000;44.6000;33.7000;;;48.5000;;;;;;20.7000;43.0000;56.0000;;
1712;37.9000;;;;;28.1000;;;30.0000;;;42.0000;32.5000;;;41.0000;;;;;;18.7000;44.0000;47.6000;;
1713;44.9000;;;;;34.5000;;;47.0000;;42.0000;50.0000;38.8000;;;40.5000;;;;54.5000;;32.0000;52.0000;59.8000;;
1714;47.9000;;;;;29.6000;;;42.0000;;27.0000;48.0000;38.7000;;;54.0000;;;;50.0000;;29.7000;58.0000;57.8000;42.0000;
1715;36.4000;;;;;27.6000;;;38.0000;;35.0000;41.0000;28.9000;;;37.0000;;;;43.0000;;21.7000;;44.1000;;
1716;44.9000;;;;;32.0000;;;54.0000;;;48.6000;38.8000;;;47.0000;49.0000;;;55.0000;;33.7000;36.0000;62.0000;;
1717;42.0000;;;;;25.0000;;;32.0000;;33.0000;40.5000;34.8000;;;48.0000;48.0000;;;39.0000;;27.7000;37.0000;51.0000;;
1718;21.0000;;;;;3.3000;;;22.0000;;15.0000;18.0000;19.0000;;;26.0000;36.0000;;;20.0000;;10.7000;23.0000;36.4000;;
1719;40.7000;;;;;-0.5000;;;29.0000;;12.0000;13.0000;21.0000;;;29.0000;46.0000;;;33.0000;;16.2000;30.0000;49.0000;;
1720;40.7000;;;;;28.3000;;;33.0000;;29.0000;42.0000;43.9000;;;33.5000;;;;52.0000;;32.0000;45.0000;56.5000;;
1721;44.4000;;;;;32.0000;;;40.0000;;31.0000;45.0000;45.4000;;;50.0000;35.0000;;;50.5000;;31.0000;45.0000;60.7000;45.0000;
1722;37.0000;;;;;23.3000;;;38.0000;;29.5000;36.6000;32.4000;;;37.0000;39.0000;;;40.0000;;27.6000;36.0000;45.2000;;
1723;38.4000;;;;;17.6000;;;39.0000;;11.5000;36.0000;30.8000;;;41.0000;;;;48.0000;;27.6000;34.0000;46.0000;;
1724;39.7000;;;;;22.4000;;;30.0000;;15.5000;34.6000;17.0000;;;25.0000;38.0000;;;44.5000;;19.5000;29.0000;47.8000;;
1725;53.9000;;;;;42.0000;;;57.0000;;51.5000;55.0000;41.8000;;;48.0000;;;;56.0000;;32.0000;49.0000;64.8000;;
1726;32.0000;;;;;11.1000;;;48.0000;;6.0000;22.5000;24.1000;;;37.0000;37.0000;;;34.0000;;30.0000;41.0000;32.0000;;
1727;35.0000;;;;;11.3000;;25.0000;25.0000;;11.0000;25.0000;23.5000;;;36.0000;45.0000;;;33.0000;;18.8000;41.0000;47.0000;;
1728;40.0000;;;;;15.3000;;30.0000;30.0000;;17.0000;27.0000;22.1000;;;30.5000;;;;35.5000;;16.9000;41.0000;46.8000;;
1729;35.9000;;;;;31.6000;;;40.0000;;31.0000;42.0000;36.8000;;;36.0000;47.0000;;;45.0000;;28.5000;44.0000;46.3000;;
1730;45.9000;;;;;29.3000;;;44.0000;;35.5000;48.5000;35.4000;;;46.0000;;;;50.0000;;26.2000;44.0000;55.4000;;
1731;46.9000;;;;;22.1000;;;40.0000;;17.0000;35.5000;41.1000;;;45.0000;;;;43.0000;;28.1000;43.0000;52.8000;;
1732;36.9000;;;;;20.6000;;;44.0000;;27.0000;40.0000;42.9000;;;44.5000;;;;48.5000;;29.6000;52.0000;50.3000;;
1733;43.4000;;;;22.0000;28.0000;;;31.0000;;19.0000;42.0000;34.1000;;;45.5000;45.0000;;;49.5000;;30.6000;43.0000;50.6000;;
1734;37.7000;;;;;17.4000;;;39.0000;;16.5000;31.0000;13.8000;;;29.5000;34.0000;;;;;13.6000;33.0000;47.3000;;
1735;47.9000;;;;42.0000;39.1000;;;41.0000;;40.5000;49.0000;39.0000;;;48.0000;46.0000;;;52.0000;;33.0000;53.0000;54.6000;;
1736;41.7000;;;;18.0000;20.1000;;;34.0000;;26.5000;33.0000;33.0000;;;48.5000;46.0000;;;43.0000;;23.0000;43.0000;49.6000;;
1737;34.7000;;;;15.0000;19.4000;;;36.0000;;20.0000;33.0000;27.1000;;;44.0000;51.0000;;;40.5000;;23.0000;51.0000;45.7000;;
1738;35.0000;;;;30.0000;31.3000;;;37.0000;;31.5000;41.0000;39.8000;;;50.0000;32.0000;;;48.0000;;30.1000;42.0000;44.0000;;
1739;33.7000;;;;;26.2000;;;36.0000;;30.0000;44.0000;25.9000;;;40.0000;;;;40.0000;;29.0000;55.0000;46.2000;35.0000;
1740;49.0000;;;;;49.1000;;;44.0000;;43.7000;53.0000;43.2000;;;60.0000;;;;54.0000;;40.7000;;65.2000;;
1741;45.9000;;;;14.0000;27.3000;;26.0000;44.0000;;22.3000;37.8000;25.2000;;;35.0000;48.0000;;;46.5000;;;33.0000;51.3000;;
1742;52.9000;;;;;33.0000;;;49.0000;;30.3000;49.5000;33.2000;;;40.0000;;;;38.0000;;27.3000;;61.5000;;
1743;45.4000;;;;;27.0000;;;40.0000;;31.8000;42.6000;47.2000;;;54.0000;51.0000;;;49.5000;;35.6000;49.0000;61.6000;44.0000;
1744;47.4000;;;;;32.0000;;39.0000;40.0000;;32.5000;47.0000;39.4000;;;53.5000;45.0000;;;50.5000;;35.9000;;51.2000;;
1745;47.9000;;;;;30.1000;;;30.0000;;40.3000;40.6000;34.4000;;;46.0000;48.0000;;;45.0000;;22.4000;38.0000;55.5000;;
1746;;;;;30.0000;27.9000;;;37.0000;;28.0000;35.0000;39.6000;;;49.0000;46.0000;;;43.0000;;33.0000;48.0000;45.8000;;
1747;42.4000;;;;26.0000;33.3000;;;35.0000;;29.7000;43.3000;41.1000;;;44.0000;46.0000;;;45.0000;;24.0000;59.0000;45.3000;;
1748;37.9000;;;;;27.0000;;34.0000;33.0000;;27.5000;42.8000;40.2000;;;46.0000;47.0000;;;45.5000;;29.3000;40.0000;52.0000;44.0000;
1749;40.4000;;;;31.0000;30.3000;;;40.0000;;24.7000;38.8000;39.2000;;;53.0000;;;;46.5000;;35.0000;47.0000;49.7000;;
1750;44.0000;;;;25.0000;25.5000;;;39.0000;;25.5000;39.0000;37.0000;;;49.0000;46.0000;;;46.5000;;26.5000;44.0000;49.0000;;
1751;50.9000;;43.0000;;36.0000;37.0000;;;46.0000;;38.0000;56.3000;36.1000;;;51.5000;51.0000;;;51.5000;;30.0000;44.0000;58.6000;41.0000;
1752;48.9000;;39.0000;;33.5000;30.0000;;;43.0000;;32.5000;52.6000;34.6000;;;49.0000;48.0000;45.0000;;45.0000;;28.0000;37.0000;55.4000;;
1753;40.0000;;33.0000;;27.8000;21.0000;;;38.0000;;21.5000;37.0000;32.2000;;;45.0000;47.0000;36.0000;;49.5000;;30.0000;33.0000;49.0000;;
1754;47.0000;;44.0000;;43.4000;32.0000;;;40.0000;;34.5000;45.6000;31.1000;;;44.0000;51.0000;46.0000;;48.5000;;29.0000;40.0000;52.2000;43.0000;
1755;37.9000;;24.0000;;25.8000;18.0000;;;36.0000;;15.7000;35.0000;33.6000;;;47.0000;45.0000;38.0000;;48.0000;;28.0000;45.0000;51.1000;;
1756;48.9000;;43.0000;;37.0000;35.3000;;38.0000;41.0000;;38.5000;50.0000;39.1000;;;49.5000;51.0000;53.0000;;46.0000;;34.0000;54.0000;58.2000;;
1757;45.9000;;33.0000;;31.0000;27.4000;;;35.0000;;30.5000;37.0000;34.2000;;;47.0000;47.0000;33.0000;;44.5000;;31.6000;43.0000;52.8000;;
1758;48.0000;;27.0000;;39.0000;26.3000;;;42.0000;;22.5000;32.0000;42.5000;;;50.5000;51.0000;37.0000;;44.5000;;32.1000;49.0000;55.6000;;
1759;38.3000;;31.0000;;23.0000;25.3000;;;36.0000;;24.0000;38.0000;34.2000;;;46.5000;;36.0000;;39.5000;;31.8000;;38.6000;;
1760;38.8000;;29.0000;;20.0000;17.0000;;;34.0000;;23.7000;29.0000;34.3000;;;38.5000;47.0000;34.0000;;40.5000;36.0000;29.0000;48.0000;38.6000;;
1761;37.4000;;28.0000;;20.0000;16.0000;;;32.0000;;23.0000;35.0000;38.1000;;;47.5000;49.0000;35.0000;;46.0000;24.0000;29.7000;42.0000;39.6000;;
1762;32.9000;;20.0000;;18.0000;17.0000;;;30.0000;;13.0000;30.3000;36.4000;;;41.0000;36.0000;33.0000;;;30.0000;27.6000;35.0000;38.0000;;
1763;45.8000;;37.0000;;34.0000;37.0000;;;47.0000;;37.5000;47.0000;34.4000;;;47.0000;49.0000;47.0000;;45.0000;;29.3000;48.0000;56.2000;;
1764;38.4000;;33.0000;;24.0000;14.0000;;27.0000;35.0000;;28.5000;31.0000;34.2000;;;45.0000;39.0000;33.0000;;43.5000;24.0000;29.5000;29.0000;48.0000;;
1765;45.8000;;37.0000;;32.0000;25.6000;;40.0000;42.0000;;23.0000;47.8000;39.0000;;;51.0000;51.0000;46.0000;;49.0000;46.0000;31.0000;44.0000;53.5000;;
1766;45.9000;;43.0000;;35.0000;28.6000;;39.0000;39.0000;;33.5000;37.0000;37.3000;;;45.0000;45.0000;43.0000;;42.0000;37.0000;29.6000;42.0000;47.6000;;
1767;53.3000;;56.0000;;32.5000;37.0000;;;54.0000;;49.0000;53.2000;34.4000;;;49.0000;49.0000;;;50.0000;;31.6000;35.0000;58.0000;;
1768;45.9000;;3.0000;;27.0000;29.0000;;;45.0000;;35.0000;46.8000;37.6000;;;47.0000;50.0000;48.0000;;45.0000;;29.9000;38.0000;51.3000;;
1769;41.4000;;39.0000;;28.0000;29.0000;;;40.0000;;22.0000;47.0000;42.2000;;;46.0000;53.0000;44.0000;;48.5000;40.0000;36.2000;36.0000;52.7000;;
1770;51.0000;;47.0000;;42.0000;38.5000;;;47.5000;;42.5000;58.7000;43.1000;;;59.0000;53.0000;50.0000;;56.0000;59.0000;39.3000;50.0000;58.0000;;
1771;42.9000;;39.0000;;25.0000;27.5000;;;39.5000;;34.7000;41.8000;38.1000;;;51.0000;51.0000;38.0000;;42.0000;44.0000;35.6000;42.0000;44.6000;;
1772;39.0000;;35.0000;;22.0000;26.0000;;28.0000;43.0000;;28.7000;40.9000;29.4000;;;49.0000;49.0000;43.0000;;40.5000;43.0000;27.6000;;45.7000;;
1773;50.8000;;37.0000;;36.5000;29.0000;;37.0000;49.0000;;41.0000;48.8000;43.1000;;;58.0000;51.0000;44.0000;;49.5000;51.0000;40.9000;40.0000;59.0000;;
1774;41.9000;;33.0000;;28.0000;24.0000;;33.0000;39.5000;;34.7000;37.3000;36.8000;;;54.0000;;38.0000;;45.0000;41.0000;31.9000;46.0000;41.6000;;
1775;41.8000;;34.0000;;25.0000;27.0000;;32.0000;41.5000;;23.7000;40.4000;35.8000;;;49.0000;49.0000;40.0000;;47.5000;40.0000;31.0000;42.0000;50.6000;;
1776;47.0000;;44.0000;;33.0000;31.5000;;40.0000;45.5000;;37.5000;46.0000;37.5000;;;52.0000;51.0000;46.0000;;49.0000;44.0000;30.9000;;47.0000;;
1777;51.9000;;46.0000;;38.0000;32.5000;;43.0000;51.0000;;40.5000;45.0000;36.2000;;;43.0000;52.0000;48.0000;;48.0000;50.0000;33.7000;;50.8000;;
1778;44.0000;;35.0000;;29.0000;25.4000;;31.0000;38.5000;;25.5000;35.0000;31.2000;;;47.0000;;39.0000;;47.0000;38.0000;27.0000;;40.3000;;
1779;43.4000;;27.0000;;27.0000;24.6000;;30.0000;36.5000;;24.5000;26.5000;34.3000;;;43.5000;48.0000;37.0000;;43.5000;30.0000;28.6000;41.0000;42.9000;;
1780;42.4000;;32.0000;;26.0000;20.6000;;25.0000;39.5000;;25.0000;32.0000;30.4000;;;42.0000;;;;44.5000;29.0000;30.6000;;33.9000;;
1781;33.0000;;24.0000;;21.0000;12.0000;;20.0000;29.5000;;10.0000;24.0000;31.0000;;;41.5000;34.0000;26.0000;;33.0000;26.0000;27.0000;;31.3000;;
1782;51.8000;;44.0000;;27.0000;32.0000;;26.0000;45.5000;;37.0000;37.0000;36.1000;;;44.0000;51.0000;49.0000;;49.0000;54.0000;35.0000;46.0000;48.0000;;
1783;38.0000;;29.0000;;19.0000;20.1000;;25.0000;35.5000;;15.2000;31.0000;35.1000;;;51.5000;46.0000;34.0000;;45.0000;;31.0000;45.0000;41.3000;;
1784;32.9000;;20.0000;;20.0000;19.4000;;;37.0000;;13.0000;32.0000;30.2000;;;42.0000;;36.0000;;40.0000;;24.5000;42.0000;38.2000;;
1785;50.9000;;33.0000;;15.0000;24.4000;;;53.0000;;20.7000;47.0000;37.0000;;;50.0000;57.0000;48.0000;;45.5000;;36.0000;;53.6000;;
1786;47.4000;;46.0000;;22.0000;27.8000;;;48.0000;;28.7000;46.0000;31.8000;;;48.0000;52.0000;44.0000;;44.0000;41.0000;35.5000;41.0000;49.3000;;
1787;49.8000;;45.0000;;34.0000;35.0000;;38.0000;49.0000;;40.0000;49.6000;39.5000;;;50.0000;45.0000;52.0000;;50.0000;47.0000;41.5000;46.0000;50.8000;;
1788;31.8000;;22.0000;;11.5000;18.6000;;;32.5000;;15.0000;29.6000;27.1000;;;45.0000;46.0000;19.0000;;40.5000;;23.5000;35.0000;32.6000;;
1789;;;42.0000;;37.0000;38.1000;;36.0000;45.5000;;36.7000;41.8000;40.8000;;;52.0000;45.0000;50.0000;;47.5000;49.0000;37.3000;43.0000;52.3000;;
1790;;;37.0000;;23.0000;28.8000;;;43.5000;;29.0000;38.0000;40.1000;;;;51.0000;;;49.0000;38.0000;38.0000;43.0000;48.6000;;
1791;;;33.0000;;26.0000;20.4000;;;42.0000;;26.7000;25.5000;22.8000;;;30.0000;49.0000;;;;26.0000;;43.0000;37.0000;;
1792;;;38.0000;;28.0000;34.4000;;;46.5000;;36.7000;41.3000;;;;47.0000;34.0000;;;;46.0000;30.8000;39.0000;42.6000;;
1793;;;37.0000;;;24.5000;;;45.5000;;30.0000;39.3000;38.2000;;;;37.0000;37.0000;;;25.0000;37.5000;38.0000;32.8000;;
1794;;;15.0000;;;15.6000;;;25.5000;;11.0000;22.8000;28.2000;;;;49.0000;30.0000;;;23.0000;36.3000;45.0000;29.7000;;
1795;;;35.0000;;26.3000;28.5000;;;46.0000;;32.5000;32.5000;24.2000;;;;47.0000;43.0000;;;;31.6000;43.0000;35.3000;;
1796;;;40.0000;;31.3000;37.6000;;;47.5000;;33.7000;47.0000;34.2000;;;42.0000;46.0000;45.0000;30.0000;;;;41.0000;47.6000;;
1797;;;39.0000;;29.8000;41.3000;;;40.0000;;28.7000;36.0000;29.2000;;;;47.0000;37.0000;29.0000;;35.0000;;44.0000;36.0000;;
1798;;;24.0000;;26.8000;17.6000;;;40.0000;;14.5000;27.6000;32.2000;;;;51.0000;30.0000;21.0000;;;;39.0000;36.1000;;
1799;;46.6000;;;27.8000;41.5000;30.5000;;52.0000;;44.5000;57.6000;44.2000;;;;50.0000;56.0000;41.0000;;;26.6000;44.0000;58.0000;;
1800;;39.4000;32.0000;;23.8000;26.8000;30.2000;;33.0000;;26.5000;30.6000;34.2000;;;;45.0000;35.0000;30.0000;;28.0000;18.6000;;32.8000;;12.0000
1801;;35.4000;35.0000;;14.3000;29.3000;21.8000;;43.5000;30.0000;28.5000;37.3000;;37.1000;;;42.0000;43.0000;18.0000;;35.0000;22.6000;;34.6000;;18.0000
1802;;33.1000;23.0000;;22.0000;26.3000;27.8000;;48.0000;17.0000;22.7000;27.3000;;40.1000;;;41.0000;28.0000;18.0000;;27.9000;26.6000;;31.9000;;17.0000
1803;49.0000;;33.0000;;25.2000;30.3000;20.6000;;53.0000;25.0000;29.0000;26.0000;;44.1000;;;49.0000;35.0000;24.0000;;27.0000;;;44.5000;;18.0000
1804;48.0000;40.6000;31.0000;;14.2000;30.5000;25.9000;;41.0000;33.0000;27.0000;45.3000;;37.1000;;;47.0000;35.0000;33.0000;;25.0000;32.5000;;40.3000;;25.0000
1805;58.4000;51.6000;51.0000;;22.2000;48.9000;45.6000;;48.0000;43.0000;44.5000;56.8000;;58.1000;;;54.0000;52.0000;45.0000;;53.8000;43.5000;;55.1000;;30.0000
1806;39.0000;45.0000;29.0000;;20.2000;29.6000;55.6000;;42.0000;28.0000;18.7000;36.8000;;37.1000;;;47.0000;36.0000;36.0000;;31.8000;38.3000;;41.6000;;24.0000
1807;41.0000;31.6000;28.0000;;11.3000;25.3000;23.0000;;43.5000;23.0000;21.5000;20.8000;;33.1000;;;42.0000;38.0000;30.0000;;24.5000;28.0000;;29.7000;;22.0000
1808;46.0000;50.9000;33.0000;;13.0000;30.0000;30.0000;;44.0000;27.0000;23.5000;39.6000;;33.1000;;;49.0000;33.0000;30.0000;;27.0000;40.0000;;42.2000;;18.0000
1809;51.9000;58.7000;45.0000;;28.7000;47.3000;44.0000;;48.0000;;32.0000;57.6000;;52.1000;;;53.0000;44.0000;46.0000;;46.9000;48.7000;;60.0000;;33.0000
1810;51.0000;48.3000;38.0000;;19.3000;33.0000;33.6000;;49.0000;26.0000;31.5000;38.0000;;45.1000;;;52.0000;50.0000;31.0000;;36.8000;32.5000;;46.5000;;21.0000
1811;34.0000;24.1000;19.0000;;13.2000;15.5000;11.6000;;33.0000;22.0000;16.0000;17.6000;;29.1000;;;32.0000;19.0000;23.0000;;26.0000;20.5000;;32.4000;;28.0000
1812;52.0000;53.7000;45.0000;;21.3000;40.0000;37.2000;;57.0000;49.0000;35.5000;46.6000;;51.1000;;;52.0000;47.0000;42.0000;;38.4000;36.6000;;53.9000;;35.0000
1813;49.0000;53.1000;44.0000;;34.2000;42.3000;42.4000;;56.0000;48.0000;34.3000;54.6000;;55.1000;;;50.0000;53.0000;35.0000;;40.0000;35.6000;;55.6000;;
1814;48.0000;36.9000;39.5000;;29.2000;37.8000;34.9000;;;42.0000;35.3000;46.6000;;53.1000;;;48.0000;;42.0000;;40.0000;41.6000;;54.8000;;
1815;38.0000;40.0000;60.0000;;25.2000;23.6000;30.8000;;;34.0000;26.3000;32.8000;;41.1000;;;48.0000;41.0000;30.0000;;32.0000;26.6000;;40.5000;;
1816;54.0000;65.7000;54.0000;;57.2000;51.5000;55.0000;;;58.0000;52.2000;66.8000;;65.1000;;;59.0000;55.0000;61.0000;;70.0000;49.4000;;71.2000;;65.1000
1817;46.0000;52.2000;43.0000;;33.2000;43.6000;45.5000;;53.0000;42.0000;39.8000;49.3000;;52.7000;;;47.0000;52.0000;37.0000;;57.0000;33.0000;;49.5000;;46.1000
1818;34.0000;37.8000;25.0000;;16.2000;26.6000;18.9000;;44.0000;22.5000;19.7000;30.0000;;30.7000;;;49.0000;33.0000;33.0000;;28.0000;32.6000;;39.5000;;22.1000
1819;40.0000;39.9000;34.0000;;21.2000;27.6000;29.2000;;42.0000;36.0000;26.8000;34.0000;;43.7000;;;43.0000;41.0000;33.0000;;27.0000;29.5000;;42.8000;;28.5000
1820;42.0000;46.7000;41.0000;;27.2000;42.3000;37.9000;;54.0000;33.5000;33.6000;48.6000;;53.1000;;;48.0000;46.0000;32.0000;;30.4000;25.3000;;47.7000;;32.5000
1821;49.0000;53.6000;48.5000;;33.2000;48.5000;42.3000;;60.0000;43.0000;44.1000;56.3000;;58.1000;;;54.0000;49.0000;35.0000;;51.0000;39.0000;;60.2000;;42.5000
1822;2.7000;9.1000;2.5000;;-5.8000;4.0000;-12.9000;;25.0000;-1.0000;0.5000;9.6000;;16.1000;;;24.0000;9.0000;9.0000;;3.0000;12.0000;;15.7000;;0.0000
1823;50.0000;50.7000;45.5000;;36.6000;45.0000;41.5000;;55.0000;43.0000;36.0000;54.5000;;57.1000;;;53.0000;50.0000;43.0000;;35.9000;34.3000;;52.1000;;40.0000
1824;44.5000;52.3000;46.0000;;33.6000;43.6000;42.4000;;51.0000;42.0000;41.0000;52.6000;;51.7000;;;44.0000;49.0000;42.0000;;46.4000;43.1000;;46.7000;;39.1000
1825;36.0000;30.0000;22.5000;;9.7000;21.0000;35.5000;;47.0000;19.0000;15.0000;29.7000;;24.7000;;;43.0000;34.0000;12.0000;;23.5000;26.5000;;39.0000;;8.1000
1826;31.0000;47.0000;32.0000;;18.5000;33.4000;50.6000;;49.0000;31.0000;24.1000;41.0000;;35.1000;;;47.0000;39.0000;31.0000;;32.0000;31.8000;;40.0000;;22.6000
1827;35.0000;41.9000;32.5000;;18.5000;30.0000;49.0000;;41.0000;27.0000;24.6000;34.0000;;35.7000;;;47.0000;36.0000;31.0000;;31.0000;27.1000;;40.7000;;23.4000
1828;36.0000;40.7000;36.0000;;15.3000;34.4000;52.7000;;47.0000;32.0000;28.6000;37.6000;;41.7000;;;43.0000;50.0000;25.0000;;30.9000;21.1000;;37.7000;;28.5000
1829;34.0000;51.8000;44.0000;;25.3000;43.3000;76.4000;;51.0000;43.0000;36.1000;48.6000;;51.7000;;;46.0000;51.0000;35.0000;;47.0000;37.1000;;50.5000;;37.2000
1830;24.0000;35.7000;32.0000;;15.6000;30.0000;60.1000;;46.0000;28.0000;28.8000;40.6000;;48.1000;;;43.0000;41.0000;27.0000;;30.8000;25.3000;;43.1000;;31.6000
1831;40.0000;43.8000;27.5000;;13.4000;30.0000;61.1000;;;24.0000;22.8000;39.6000;;36.1000;;;50.0000;41.0000;25.0000;;37.8000;25.1000;;45.1000;;25.0000
1832;47.0000;42.6000;35.5000;;20.5000;36.0000;61.1000;;;32.5000;34.7000;45.3000;;51.1000;;;47.0000;55.0000;39.0000;;38.0000;34.6000;;47.4000;;32.1000
1833;24.0000;43.1000;32.5000;;20.7000;29.5000;52.5000;;;29.0000;22.8000;37.2000;;39.7000;;;51.0000;35.0000;31.0000;32.0000;30.0000;25.9000;;41.0000;;30.2000
1834;10.9000;32.3000;22.0000;;9.0000;17.0000;32.5000;;;17.5000;15.3000;26.8000;;31.1000;;;39.0000;31.0000;20.0000;23.0000;23.0000;26.0000;;28.3000;;20.5000
1835;39.0000;50.6000;38.0000;;24.0000;37.0000;67.0000;;;37.0000;28.8000;41.6000;;40.7000;;;49.0000;48.0000;31.0000;46.0000;36.8000;38.6000;;46.0000;;32.2000
1836;39.5000;51.0000;36.0000;;23.8000;38.0000;61.5000;;;31.5000;30.6000;46.6000;;40.1000;;;50.0000;47.0000;38.0000;43.0000;41.0000;32.7000;;46.2000;;33.6000
1837;47.5000;49.6000;40.5000;;25.8000;40.9000;67.4000;;;36.5000;35.7000;48.1000;;48.7000;;;48.0000;49.0000;37.0000;46.0000;37.9000;34.3000;;49.0000;;33.3000
1838;37.0000;48.3000;41.0000;;29.3000;38.9000;75.2000;;;43.5000;41.0000;46.8000;;48.1000;;;48.0000;47.0000;36.0000;42.0000;43.9000;37.4000;;49.3000;;45.1000
1839;;41.5000;30.5000;;26.3000;31.8000;47.4000;;;30.5000;27.6000;43.1000;;40.1000;;;39.0000;39.0000;32.0000;40.0000;33.4000;34.1000;;40.8000;;34.8000
1840;;40.8000;27.5000;;18.6000;25.9000;49.0000;;;22.5000;17.8000;34.6000;;41.1000;40.0000;;42.0000;38.0000;26.0000;39.0000;29.4000;31.4000;;40.5000;41.0000;23.2000
1841;;42.4000;31.5000;;19.3000;27.0000;50.9000;;;32.5000;27.6000;37.7000;;47.1000;35.0000;;41.0000;37.5000;27.0000;42.0000;30.0000;27.1000;;37.5000;43.0000;34.1000
1842;;38.5000;23.0000;;21.8000;19.3000;28.7000;;;21.0000;18.3000;27.6000;;34.1000;37.0000;;38.0000;26.8000;20.0000;34.0000;16.9000;28.3000;;31.9000;38.5000;20.7000
1843;39.7000;56.6000;47.0000;;36.3000;46.9000;77.9000;;;40.0000;40.0000;52.6000;;59.1000;54.0000;;55.0000;49.6000;38.0000;54.0000;49.0000;39.8000;;53.6000;46.5000;49.1000
1844;46.7000;35.6000;25.5000;;14.8000;23.3000;49.5000;;;20.0000;23.3000;37.1000;;33.1000;45.0000;;40.0000;37.0000;23.0000;39.0000;28.4000;28.2000;;40.2000;44.5000;19.7000
1845;29.7000;55.8000;40.0000;;38.1000;37.5000;69.7000;;;45.0000;39.5000;50.6000;;57.1000;34.0000;;53.0000;46.6000;32.0000;51.0000;48.8000;37.1000;;50.1000;44.0000;46.7000
1846;;29.8000;14.0000;;14.3000;12.8000;18.8000;;;14.0000;13.1000;26.6000;;27.1000;29.0000;;28.0000;21.5000;14.0000;24.0000;20.8000;22.6000;;29.5000;36.0000;16.4000
1847;34.7000;39.5000;35.0000;;25.3000;35.8000;59.8000;;;30.0000;31.0000;43.6000;;44.6000;55.0000;;48.0000;41.7000;28.0000;43.0000;38.8000;26.8000;;43.0000;40.0000;36.5000
1848;35.5000;41.0000;32.0000;;19.8000;30.3000;50.0000;;;27.0000;26.8000;43.5000;;40.6000;44.0000;;46.0000;41.7000;26.0000;41.0000;35.8000;27.1000;;40.3000;38.0000;30.6000
1849;32.5000;41.0000;33.0000;;21.0000;27.3000;55.7000;;;31.0000;30.7000;44.5000;;38.1000;56.0000;;35.0000;41.4000;25.0000;33.0000;34.8000;29.0000;;38.2000;41.5000;25.6000
1850;33.7000;51.5000;40.5000;;29.2000;36.8000;63.5000;;;43.5000;33.1000;50.9000;;45.1000;;;54.0000;45.7000;37.0000;45.0000;46.0000;34.0000;;49.5000;40.0000;34.5000
1851;39.5000;51.6000;40.0000;;26.9000;35.8000;67.6000;;;38.5000;39.3000;52.8000;;50.6000;75.0000;;52.0000;50.0000;38.0000;51.0000;51.0000;38.1000;;52.0000;39.0000;38.2000
1852;41.9000;46.2000;36.5000;;24.3000;25.3000;60.2000;;;32.0000;27.2000;42.7000;;40.6000;55.0000;;48.0000;43.0000;27.0000;43.0000;36.0000;34.5000;;40.3000;35.5000;34.5000
1853;42.5000;57.1000;40.5000;;39.2000;35.5000;64.7000;;;45.5000;35.0000;54.6000;;61.6000;59.0000;;;42.6000;38.0000;50.0000;48.8000;39.4000;;51.5000;38.0000;50.2000
1854;48.0000;48.0000;39.5000;;35.0000;28.1000;60.2000;;;35.0000;37.6000;45.8000;;54.6000;64.0000;;;38.9000;25.0000;35.0000;36.9000;25.5000;;41.0000;45.0000;39.2000
1855;45.0000;51.3000;38.0000;;36.8000;35.3000;60.0000;;;41.5000;35.5000;48.9000;;50.1000;52.0000;;58.0000;43.9000;31.0000;40.0000;38.0000;29.1000;;47.7000;36.0000;39.7000
1856;47.0000;48.6000;36.5000;;29.9000;32.6000;63.1000;;;33.0000;32.0000;49.8000;;44.1000;64.0000;;33.0000;47.9000;30.0000;42.0000;46.0000;35.0000;;47.3000;40.0000;31.5000
1857;24.0000;37.4000;22.0000;;19.0000;20.9000;37.4000;;;24.0000;19.7000;36.6000;;34.6000;39.0000;;27.0000;33.2000;23.0000;38.0000;21.0000;32.1000;;39.2000;41.0000;25.1000
1858;39.1000;28.3000;22.0000;;20.0000;20.3000;37.4000;;;30.5000;19.2000;36.7000;;32.6000;44.0000;;25.0000;31.3000;20.0000;31.0000;27.0000;24.4000;;36.0000;38.0000;23.1000
1859;28.6000;31.8000;23.0000;;22.0000;21.0000;39.2000;;;22.5000;19.0000;33.9000;;31.1000;36.0000;;;30.2000;26.0000;34.0000;24.0000;23.9000;;35.7000;42.0000;23.4000
1860;41.7000;50.2000;45.0000;;28.0000;36.8000;72.6000;;;47.0000;42.7000;57.2000;;57.6000;;;;47.4000;34.0000;46.0000;50.0000;34.4000;;52.3000;35.0000;41.2000
1861;37.0000;35.8000;29.0000;;21.8000;26.1000;45.9000;;;26.5000;23.7000;38.9000;;38.6000;51.0000;;;35.7000;25.0000;40.0000;30.0000;28.7000;;35.4000;31.0000;25.7000
1862;20.0000;33.6000;25.0000;;19.0000;21.9000;44.2000;;;30.0000;24.7000;36.3000;;39.1000;51.0000;;16.0000;33.0000;25.0000;29.0000;26.0000;22.5000;;33.4000;37.0000;26.2000
1863;36.0000;38.1000;32.0000;;23.1000;20.9000;53.8000;;;31.0000;24.7000;44.4000;;38.1000;56.0000;;25.0000;43.2000;21.0000;35.0000;21.0000;22.5000;;35.5000;32.0000;23.7000
1864;42.0000;38.4000;29.0000;;17.2000;25.5000;54.0000;;;25.0000;26.0000;45.1000;;35.1000;55.0000;;40.0000;42.7000;22.0000;36.0000;38.0000;20.1000;;40.9000;32.0000;20.3000
1865;18.0000;17.5000;11.0000;;6.2000;10.3000;7.9000;;;15.0000;9.3000;25.9000;;20.1000;39.0000;;26.0000;13.0000;10.0000;21.0000;13.0000;21.6000;;25.9000;32.0000;13.0000
1866;38.1000;40.7000;32.0000;;20.8000;27.0000;59.3000;;;34.5000;29.5000;47.3000;;44.1000;56.0000;;45.0000;40.8000;20.0000;33.0000;37.5000;29.1000;;46.0000;35.0000;27.7000
1867;37.0000;39.2000;31.5000;;18.3000;27.8000;52.6000;;;35.0000;32.5000;49.3000;;49.6000;58.0000;;37.0000;36.7000;20.0000;38.0000;32.5000;20.1000;;41.3000;35.0000;31.0000
1868;17.9000;34.3000;12.0000;;6.4000;14.0000;20.6000;;;18.0000;9.1000;31.2000;;32.6000;31.0000;;35.0000;14.2000;15.0000;22.0000;15.5000;17.1000;;24.4000;32.0000;14.0000
1869;30.6000;34.6000;24.5000;;14.9000;21.8000;47.8000;;;26.0000;27.0000;39.8000;;49.1000;55.0000;;34.0000;36.9000;25.0000;30.0000;28.5000;17.3000;;37.7000;38.5000;16.0000
1870;23.0000;27.7000;15.0000;;10.2000;21.0000;23.4000;;;12.0000;15.7000;33.8000;;28.6000;47.0000;;33.0000;32.9000;17.0000;22.0000;26.4000;17.1000;;32.7000;32.0000;14.0000
1871;43.3000;36.3000;32.0000;;22.2000;35.3000;61.0000;;;33.0000;30.8000;49.5000;;43.6000;50.0000;;48.0000;43.2000;27.0000;52.0000;44.0000;20.1000;;42.7000;38.0000;25.0000
1872;37.0000;40.9000;29.0000;;25.8000;29.5000;56.2000;;;28.0000;27.7000;45.2000;;47.6000;44.0000;;46.0000;43.7000;32.0000;39.0000;37.5000;22.1000;;41.3000;34.0000;34.0000
1873;36.0000;38.6000;33.0000;;22.8000;29.8000;60.5000;;;26.0000;30.7000;46.0000;;46.1000;57.0000;;36.0000;43.0000;24.0000;41.0000;33.5000;22.1000;;39.7000;36.0000;32.0000
1874;28.0000;38.2000;17.5000;;15.0000;19.5000;41.7000;;;21.5000;21.0000;41.4000;;34.1000;45.0000;;42.0000;33.8000;23.0000;33.0000;31.0000;20.1000;;35.3000;35.5000;2.0000
1875;31.0000;42.3000;25.0000;;23.2000;24.8000;55.2000;;;31.5000;27.0000;43.1000;;45.6000;53.0000;;45.0000;37.8000;20.0000;37.0000;25.0000;18.1000;;33.0000;30.0000;29.0000
1876;41.0000;42.6000;34.5000;;29.0000;35.6000;56.0000;;;31.5000;30.9000;49.1000;;37.1000;54.0000;;50.0000;45.7000;34.0000;47.0000;45.0000;21.1000;;45.3000;36.0000;32.0000
1877;42.0000;38.0000;31.5000;;26.0000;35.6000;58.4000;;;32.5000;32.2000;47.1000;;43.1000;58.0000;;48.0000;34.6000;25.0000;43.0000;41.0000;19.1000;;44.0000;32.0000;34.0000
1878;34.0000;38.5000;34.0000;;24.0000;35.0000;56.5000;;;36.5000;30.7000;51.1000;;52.6000;57.0000;;45.0000;42.4000;25.0000;56.0000;42.0000;19.1000;;46.7000;35.0000;
1879;46.0000;48.2000;48.5000;;44.2000;47.5000;79.7000;;;50.5000;53.0000;53.5000;;70.6000;49.0000;;50.0000;46.7000;;58.0000;53.8000;22.1000;;51.7000;40.0000;
1880;41.0000;;;;22.6000;29.9000;22.5000;;;;27.0000;40.0000;;63.0000;53.0000;;41.0000;34.0000;;;;30.1000;;40.5000;38.0000;
1881;25.8000;;;;21.1000;27.3000;22.6000;;;;26.0000;;;34.0000;47.0000;;40.0000;36.0000;;;;19.4000;;35.5000;;
1882;36.0000;;;;25.1000;34.9000;33.8000;;;;39.0000;;;48.0000;56.0000;;36.0000;46.0000;;;;33.4000;;43.5000;;
1883;35.0000;;;;29.6000;36.8000;25.9000;;;;38.0000;;;44.0000;52.0000;;52.0000;40.0000;;;;35.6000;;42.0000;;
1884;31.0000;;;;25.1000;30.3000;22.8000;;;;29.0000;;;40.0000;52.0000;;38.0000;33.0000;;;;30.1000;;32.5000;25.0000;
1885;30.3000;;;;26.1000;25.8000;23.0000;;;;28.0000;;;42.0000;55.0000;;;;;;;38.9000;;35.0000;22.5000;
1886;29.0000;;;;24.6000;28.9000;22.9000;;;;30.0000;;;50.0000;53.0000;;;;;;;29.3000;;39.0000;17.5000;
1887;27.0000;;;;24.6000;28.9000;26.9000;;;;33.0000;;;47.0000;54.0000;;;;;;;26.2000;;34.0000;25.0000;
1888;;;;;32.1000;33.2000;30.4000;;;;41.0000;49.9000;;50.0000;55.0000;;;;;;;35.7000;;40.5000;29.0000;
1889;23.0000;;;;35.6000;25.1000;12.4000;;;;23.0000;44.6000;;44.0000;45.0000;;;;;;;27.6000;;43.0000;;
1890;37.0000;;;;31.1000;29.9000;29.9000;;;;36.0000;54.9000;;50.0000;53.0000;;;;;;;47.6000;;41.5000;;
1891;43.0000;;;;34.6000;38.7000;39.0000;;;;45.0000;58.0000;;51.0000;63.0000;;;;;;;36.4000;;41.0000;;
1892;;;;13.0000;17.6000;23.0000;17.0000;;;;24.0000;33.9000;;33.0000;40.0000;;;;;;;32.7000;;27.0000;;
1893;14.5000;;;-6.0000;-12.4000;-1.0000;-2.2000;;;;7.0000;23.6000;;11.0000;33.0000;;;;;;;29.6000;28.0000;22.5000;;
1894;;;;15.0000;28.1000;30.3000;25.4000;;;;31.0000;44.9000;;49.0000;58.0000;;;;;;;35.6000;39.0000;37.5000;;
1895;;;;15.0000;21.1000;24.3000;17.9000;;;;23.0000;32.6000;;41.0000;52.0000;;;;;;;32.8000;38.0000;27.0000;20.0000;
1896;;;;24.0000;16.1000;27.8000;23.8000;;;;21.0000;35.1000;;28.0000;50.0000;;;;;;;33.8000;42.0000;36.0000;;
1897;;;;19.0000;15.6000;21.3000;16.0000;;;;27.0000;29.6000;;39.0000;50.0000;;;;;;;32.6000;27.0000;20.0000;20.0000;
1898;;;;26.0000;20.1000;31.3000;38.4000;;;;40.0000;32.6000;;47.0000;56.0000;;;;;;;30.7000;42.0000;39.0000;;
1899;36.0000;;;19.0000;21.1000;26.8000;23.9000;;;;21.0000;39.0000;;36.0000;55.0000;;;;;;;31.0000;25.0000;28.5000;;
1900;35.0000;;;18.0000;18.1000;28.8000;18.0000;;;;23.0000;;;33.0000;38.0000;;;;;;;36.6000;32.0000;30.0000;;
1901;24.0000;;;10.0000;10.6000;16.5000;19.5000;;;;17.1000;36.4000;;31.0000;40.0000;;;;;;;36.4000;34.0000;24.0000;;
1902;45.0000;;;27.0000;20.6000;32.4000;31.0000;;;;40.1000;;;42.0000;56.0000;;;;;;;43.0000;;36.5000;15.0000;
1903;43.0000;;;30.0000;22.1000;34.8000;33.0000;;;;31.0000;50.6000;;45.0000;48.0000;;;;;;;46.0000;40.0000;33.5000;;
1904;23.0000;;;9.0000;15.1000;18.8000;17.0000;;;;16.1000;;;33.0000;32.0000;;;;;;;24.6000;26.0000;18.0000;;
1905;24.0000;;;15.0000;13.6000;24.8000;23.0000;;;;31.6000;30.6000;;32.0000;32.0000;;;;;;;26.6000;48.0000;27.5000;27.0000;
1906;32.0000;;;8.0000;11.6000;22.5000;18.0000;;;;24.0000;31.6000;;28.0000;40.0000;;;;;;;30.6000;40.0000;30.5000;;
1907;34.0000;;;24.0000;22.1000;34.5000;30.0000;;;;32.0000;;;49.0000;31.0000;;;;;;;38.3000;34.0000;39.5000;28.5000;
1908;21.0000;;;13.0000;14.1000;23.0000;16.0000;;;;22.0000;;;35.0000;45.0000;;;;;;;30.9000;49.0000;29.0000;31.0000;
1909;24.0000;;;27.0000;22.1000;33.5000;26.0000;;;;29.0000;59.0000;;41.0000;30.0000;;;;;;;31.3000;48.0000;40.5000;45.0000;
1910;41.0000;;;;36.4000;;;;;;52.0000;;21.9000;49.0000;33.0000;;;;;;;28.3000;55.0000;37.5000;;
1911;25.0000;;;9.0000;14.4000;12.4000;10.0000;;;;14.0000;34.9000;16.9000;29.0000;31.0000;;;;;;;13.3000;41.0000;26.0000;;
1912;31.0000;;;17.0000;19.4000;29.0000;28.0000;;;;24.0000;44.0000;10.9000;38.0000;37.0000;;;;;;;29.9000;44.0000;46.5000;;
1913;13.0000;;;;22.9000;33.0000;36.0000;;;;34.0000;;20.9000;47.0000;30.0000;;;;;;;;45.0000;30.0000;;
1914;;;;26.0000;19.1000;35.5000;28.0000;;;;24.0000;45.0000;;42.0000;54.0000;;;;;;;;45.0000;36.0000;40.0000;
1915;;;;13.0000;19.1000;16.3000;10.0000;;;;18.0000;40.0000;;34.0000;31.0000;;;;;;;23.3000;42.0000;26.5000;19.5000;
1916;;;;29.0000;24.1000;36.3000;25.0000;;;;34.0000;47.0000;;43.0000;48.0000;;;;;;;38.3000;46.0000;37.5000;10.5000;
1917;;;;13.0000;16.1000;;10.0000;;;;17.0000;26.0000;;34.0000;24.0000;;;;;;;23.4000;;19.0000;17.5000;
1918;;;;24.0000;22.1000;25.5000;24.0000;;;;20.0000;42.0000;21.9000;38.0000;18.0000;;;;;;;29.3000;;31.5000;20.0000;
1919;36.0000;;;22.0000;19.1000;28.9000;28.0000;;;;22.0000;46.0000;13.9000;34.0000;15.0000;;;;;;;20.9000;;32.5000;;
1920;24.0000;;;;18.9000;27.0000;22.0000;;;;27.0000;40.0000;6.9000;58.0000;39.0000;;;;;;;18.6000;;25.0000;;
1921;;;;;13.1000;20.8000;19.0000;;;;12.0000;27.0000;10.9000;38.0000;28.0000;;;;;;;12.8000;37.0000;22.0000;;
1922;;;;;10.9000;26.1000;23.0000;;;;27.0000;41.0000;11.9000;44.0000;44.0000;;;;;;;12.4000;41.0000;35.0000;;
1923;;;;;26.1000;28.8000;38.0000;;;;32.0000;41.0000;21.9000;40.0000;53.0000;;;;;;;29.5000;;37.0000;;
1924;;;;;15.9000;23.3000;24.3000;;;;26.0000;36.0000;9.9000;41.0000;44.0000;;;;;;;18.8000;31.0000;31.5000;;
1925;;;;;28.9000;22.5000;29.3000;;;;31.0000;43.0000;25.0000;45.0000;42.0000;;;;;;;21.3000;59.0000;30.0000;40.0000;
1926;36.0000;;;;23.4000;24.5000;35.3000;;;;30.0000;44.0000;26.5000;46.0000;50.0000;;;;;;;21.3000;58.0000;38.6000;20.0000;
1927;;;;;19.4000;21.5000;22.8000;;;;29.0000;39.0000;6.5000;45.0000;48.0000;;;;;;;19.6000;40.0000;26.6000;;
1928;;;;;17.4000;25.3000;27.8000;;;;27.0000;33.0000;22.9000;35.0000;43.0000;;;;;;;24.3000;38.0000;27.6000;;
1929;;;;18.0000;22.1000;24.5000;25.3000;;;;26.0000;37.0000;11.0000;39.0000;39.0000;;;;;;;27.3000;33.0000;26.6000;29.0000;
1930;;;;22.0000;26.4000;26.5000;25.3000;;;;36.0000;40.0000;15.5000;48.0000;24.0000;;;;;;;24.3000;42.0000;33.6000;25.5000;
1931;;;;14.0000;20.1000;26.3000;27.0000;;;;33.0000;38.0000;19.5000;44.0000;36.0000;;;;;;;;42.0000;32.6000;27.5000;
1932;41.0000;;;29.0000;39.9000;34.8000;34.0000;;;;42.0000;50.0000;33.5000;45.0000;29.0000;;;;;;;36.5000;42.0000;40.3000;40.0000;
1933;35.0000;;;15.0000;20.1000;26.3000;22.8000;;;;21.0000;;16.0000;37.0000;32.0000;;;;;;;;42.0000;36.0000;20.0000;
1934;11.0000;;;4.0000;16.1000;16.3000;15.0000;;;;10.0000;31.0000;15.9000;36.0000;19.0000;;;;;;;;42.0000;19.6000;;
1935;27.0000;;;16.0000;24.1000;31.3000;29.0000;;;;23.0000;37.0000;21.9000;38.0000;25.0000;;;;;;;;42.0000;34.0000;;
1936;24.0000;;;19.0000;31.1000;29.8000;31.0000;;;;35.0000;37.0000;26.9000;41.0000;28.0000;;;;;;;;42.0000;31.1000;;
1937;15.0000;;;8.0000;19.1000;17.8000;21.0000;;;;19.0000;25.0000;11.9000;42.0000;15.0000;;;;;;;;42.0000;25.0000;;
1938;34.0000;;;;24.7000;31.8000;28.0000;;;;26.0000;42.0000;20.9000;45.0000;33.0000;;;;;;;;42.0000;39.3000;;
1939;40.0000;;;27.0000;26.2000;41.5000;34.0000;;;;34.0000;55.0000;24.9000;41.0000;28.0000;;;;;;;;42.0000;44.0000;;
1940;31.0000;;;19.0000;24.4000;26.3000;25.0000;;;;23.0000;33.0000;22.9000;42.0000;27.0000;;;;;;;23.5000;40.0000;27.6000;;
1941;42.0000;;;27.0000;24.9000;37.5000;36.0000;;;;34.0000;44.0000;22.9000;45.0000;43.0000;;;;;;;24.3000;57.0000;39.0000;;
1942;37.0000;;;14.0000;21.1000;25.5000;24.0000;;;;30.0000;25.0000;14.9000;44.0000;31.0000;;;;;;;5.5000;33.0000;25.6000;;
1943;26.0000;;;5.0000;14.7000;19.7000;15.0000;;;;15.0000;28.0000;10.9000;40.0000;27.0000;;;;;;;10.0000;34.0000;23.0000;;
1944;24.0000;;;18.0000;20.9000;33.2000;27.0000;;;;27.0000;39.0000;15.9000;40.0000;;;;;;;;15.6000;46.0000;29.0000;;
1945;9.0000;;;1.0000;8.9000;16.8000;8.0000;;;;4.0000;11.0000;8.9000;;12.0000;;;;;;;26.9000;45.0000;12.0000;;
1946;27.0000;;;17.0000;29.8000;25.0000;28.0000;;;;32.0000;32.0000;21.9000;37.0000;20.0000;;;;;;;31.9000;44.0000;25.0000;;
1947;26.0000;;;6.0000;13.1000;16.3000;5.0000;;;;8.0000;22.0000;;29.0000;23.0000;;;;;;;26.9000;36.0000;18.6000;;
1948;;;;15.0000;20.8000;25.7000;20.0000;;;;29.0000;41.0000;;31.0000;22.0000;;;;;;;28.9000;43.0000;36.6000;;
1949;;;;12.0000;26.1000;25.0000;19.0000;;;;20.0000;27.0000;;26.0000;25.0000;;;;;;;20.9000;29.0000;29.0000;;
1950;27.9000;;;9.0000;17.1000;21.8000;11.0000;;;;20.0000;25.0000;;27.0000;;;;;;;;26.9000;34.0000;28.0000;;
1951;47.9000;;;30.0000;34.1000;34.2000;31.0000;;;;37.0000;52.0000;19.9000;46.0000;;;;;;;;39.4000;47.0000;41.0000;;
1952;31.9000;;;6.0000;16.1000;16.5000;8.0000;;;;9.0000;22.0000;9.9000;26.0000;;;;;;;;27.9000;43.0000;22.3000;;
1953;35.9000;;;11.0000;28.8000;22.5000;15.0000;;;;23.0000;30.0000;16.9000;35.0000;;;;;;;;29.4000;43.0000;32.6000;;
1954;47.9000;;;25.0000;35.4000;38.2000;27.0000;;;;41.0000;43.0000;24.9000;48.0000;;;;;;;;33.4000;50.0000;44.0000;;
1955;49.9000;;;23.0000;25.1000;30.8000;28.0000;;;;28.0000;42.0000;17.9000;34.0000;;;;;;;;26.9000;36.0000;36.6000;;
1956;52.9000;;;38.0000;39.2000;42.3000;38.0000;;;;45.0000;52.0000;26.9000;45.0000;;;;;;;;35.9000;52.0000;42.6000;;
1957;44.9000;;;21.0000;29.1000;31.9000;20.0000;;;;;42.0000;24.9000;37.0000;;;;;;;;25.9000;46.0000;33.6000;;
1958;38.9000;;;26.0000;35.4000;30.8000;31.0000;;;;43.0000;41.0000;23.9000;46.0000;;;;;;;;26.9000;43.0000;29.6000;;
1959;33.9000;;;10.0000;20.6000;16.1000;10.0000;;;;16.0000;21.0000;18.9000;26.0000;;;;;;;;26.9000;40.0000;23.6000;;
1960;42.9000;;;12.0000;13.4000;20.8000;12.0000;;;;27.0000;34.0000;17.9000;29.0000;;;;;;;;20.9000;40.0000;27.6000;;
1961;41.9000;;;39.0000;14.6000;24.8000;20.0000;;;;26.0000;35.0000;13.9000;33.0000;;;;;;;;11.9000;33.0000;30.0000;;
1962;50.9000;;;26.0000;30.7000;39.5000;34.0000;;;;52.0000;45.0000;29.9000;48.0000;;;;;;;;28.9000;45.0000;38.6000;;
1963;46.9000;;;31.0000;33.1000;36.8000;35.0000;;;;44.0000;48.0000;27.9000;51.0000;;;;;;;;22.9000;52.0000;39.6000;;
1964;37.9000;;;15.0000;25.1000;21.5000;17.0000;;;;22.0000;26.0000;19.9000;35.0000;;;;;28.0000;;;16.0000;32.0000;25.3000;;
1965;48.9000;;;34.0000;30.6000;41.9000;39.5000;;;;48.0000;51.0000;21.9000;52.0000;;;;;27.0000;;;23.9000;44.0000;41.6000;;
1966;42.9000;;;16.0000;22.5000;26.2000;23.0000;;;;34.0000;40.0000;17.9000;41.0000;;;;;28.0000;;;20.0000;43.0000;26.6000;;
1967;41.9000;;;28.0000;22.2000;31.5000;28.0000;;;;34.0000;28.0000;19.9000;40.0000;;;;;37.0000;;;25.9000;48.0000;28.0000;;
1968;46.9000;;;27.0000;24.3000;31.8000;33.5000;;;;29.0000;34.0000;23.9000;45.0000;;;;;37.0000;;;24.9000;48.0000;28.0000;;
1969;45.9000;;;30.0000;23.5000;35.8000;31.0000;;;;23.0000;31.0000;29.9000;36.0000;;;;;36.0000;;;22.9000;47.0000;29.3000;;
1970;47.3000;;;25.0000;26.5000;30.0000;27.0000;;;;29.0000;27.0000;20.9000;36.0000;;;;;40.0000;;;22.9000;44.0000;31.3000;;
1971;36.3000;;;18.0000;26.6000;19.1000;18.0000;;;;17.0000;18.0000;25.9000;35.0000;;;;;32.0000;;;25.0000;59.5000;26.2000;;
1972;50.7000;;;28.0000;36.1000;36.3000;42.0000;;;;35.0000;42.0000;30.9000;50.0000;;;;;42.0000;;;25.9000;58.5000;36.7000;;
1973;45.0000;;;21.0000;24.9000;23.5000;28.0000;;;;19.0000;28.0000;25.7000;35.0000;;;;;29.0000;;;21.9000;45.5000;28.1000;;
1974;41.7000;;;23.0000;26.6000;24.9000;28.0000;;;;;28.0000;31.7000;40.0000;;;;;44.0000;;;27.9000;57.5000;30.2000;;
1975;40.7000;;;25.0000;24.1000;26.5000;30.5000;;;;28.0000;29.0000;24.9000;39.0000;;;;;41.0000;;;26.9000;55.0000;25.6000;;
1976;21.7000;;;6.0000;11.7000;8.8000;1.0000;;;;10.0000;1.0000;20.7000;20.0000;;;;;23.0000;;;17.9000;39.0000;15.6000;;
1977;48.7000;;;;34.4000;35.1000;36.0000;;;;41.0000;;26.9000;;;;;;40.0000;;;27.9000;64.0000;38.1000;;
1978;53.0000;;;;35.2000;35.1000;39.0000;;;;;;32.9000;;;;;;40.0000;;;25.9000;60.5000;39.5000;;
1979;43.9000;;;;29.7000;27.1000;33.0000;;;;;;26.0000;43.3000;;;;;31.0000;;;15.9000;45.5000;29.5000;;
1980;56.7000;;;;34.7000;39.0000;39.0000;;;;;;34.7000;48.3000;;;;;31.0000;;;26.9000;58.0000;37.2000;;
1981;36.7000;;;;24.2000;24.1000;28.0000;;;;;;28.0000;41.3000;;;;;45.0000;;;17.9000;43.0000;20.7000;;
1982;42.7000;;;;14.7000;19.0000;20.0000;;;;;;21.7000;25.3000;;;;;31.0000;;;17.4000;39.5000;17.7000;;
1983;38.9000;;;;27.2000;26.0000;29.0000;;;;;;24.9000;38.3000;;;;;19.0000;;;24.5000;36.5000;19.7000;;
1984;50.9000;;;;27.2000;33.5000;38.0000;;;;;;30.7000;43.3000;;;;;32.0000;;;25.9000;40.5000;30.6000;;
1985;39.9000;;;;23.7000;27.1000;30.0000;;;;;;24.9000;40.3000;;;;;43.0000;;;21.9000;46.5000;33.6000;;
1986;44.7000;;;;27.7000;24.6000;30.0000;;;;;;27.7000;42.4000;;;;;36.0000;;;17.0000;41.0000;27.5000;;
1987;49.0000;;;;28.7000;29.0000;37.0000;;;;;;26.7000;44.4000;;;;;33.0000;;;22.9000;46.5000;31.7000;;
1988;37.9000;;;;27.2000;22.1000;26.0000;;;;;;21.7000;35.9000;;;;;39.0000;;;16.0000;33.0000;22.6000;;
1989;29.9000;;;;1.2000;14.1000;12.0000;;;;;;12.6000;21.3000;;;;;28.0000;;;12.9000;32.5000;16.5000;;
1990;35.7000;;;;9.2000;20.1000;16.0000;;;;;;13.3000;25.4000;;;;;16.0000;;;13.9000;31.5000;18.6000;;
1991;40.7000;;;;25.7000;26.0000;31.0000;;;;;;18.9000;40.3000;;;;;26.0000;;;20.9000;43.0000;24.5000;;
1992;32.9000;;;;19.7000;16.3000;19.0000;;;;;;20.7000;24.9000;;;;;32.0000;;;14.9000;44.5000;15.6000;;
1993;25.9000;;;;17.2000;16.5000;14.0000;;;;;;20.7000;32.4000;;;;;24.0000;;;13.9000;34.0000;17.0000;;
1994;28.0000;;;;13.2000;16.2000;19.0000;;;;;;12.5000;27.9000;;;;;26.0000;;;9.0000;22.5000;10.0000;;
1995;36.7000;;;;13.2000;22.5000;25.0000;;;;;;15.4000;31.3000;;;;;20.0000;;;15.9000;36.0000;22.0000;;
1996;38.7000;;;;17.7000;20.2000;22.0000;;;;;;23.1000;33.9000;;;;;27.0000;;;20.9000;37.5000;26.6000;;
1997;32.7000;;;;12.7000;11.9000;18.0000;;;;;;14.9000;32.9000;;;;;17.0000;;;13.9000;28.5000;21.6000;;
1998;25.7000;;;;15.7000;18.1000;17.0000;;;;;;21.9000;34.3000;;;;;25.0000;;;8.9000;45.0000;14.5000;;
1999;35.7000;;;;4.2000;16.1000;19.0000;;;;;;23.0000;27.4000;;;;;24.0000;;;11.9000;38.5000;23.0000;;
2000;22.7000;;;;15.7000;11.2000;17.0000;;;;;;23.5000;29.4000;;;;;18.0000;;;8.9000;33.5000;6.0000;;
2001;32.7000;;;;18.7000;20.1000;26.0000;;;;;;15.5000;30.9000;;;;;27.0000;;;7.9000;41.5000;20.0000;;
2002;31.7000;;;;26.7000;16.2000;17.0000;;;;;;20.8000;34.4000;;;;;17.0000;;;10.9000;35.0000;20.3000;;
2003;8.0000;;;;-4.3000;-10.1000;-4.0000;;;;;;12.4000;13.3000;;;;;-2.0000;;;0.0000;27.0000;-7.7000;;
2004;34.0000;;;;11.1000;21.5000;26.0000;;;;;;21.5000;31.0000;;;;;23.0000;;;12.9000;37.5000;24.8000;;
2005;29.0000;;;;-4.9000;13.5000;16.0000;;;;;;20.4000;24.0000;;;;;21.0000;;;9.9000;30.0000;20.8000;;
2006;;;;;16.1000;16.0000;16.0000;;;;;;12.4000;28.3000;;;;;20.0000;;;9.5000;28.5000;19.8000;;
2007;;;;;;;;;;;;;15.0000;;;;;;;;;;33.0000;16.0000;;
